Date,78T,84T,18T,90T,69T,86T,41T,53T,47T,68T,72T(เก่า),82T,29T,57T,92T,36T,72T(ใหม่),33T,89T,77T,14T,63T,20T,24T,67T,46T,62T,71T,30T,61T,08T,02T,12T,26T,38T,22T,10T,85T,79T,83T,60T,87T,39T,58T,32T,52T,16T,40T,80T,73T,54T,44T,91T,50T,43T,81T,28T,93T,34T,21T,74T,59T,88T,70T,19T,75T,76T,31T,11T,35T,27T,25T,42T,13T,05T,17T,37T,03T
1/1/2021,17,30,68,,42,57,45,50,35,24,33,48,37,26,,34,,38,33,39,46,28,31,45,44,57,33,23,31,42,48,44,47,55,29,32,41,35,36,26,44,42,27,39,38,49,33,47,72,36,46,41,,47,38,41,41,,30,66,32,34,33,38,41,31,55,36,37,49,60,60,35,37,35,34,49,52
1/2/2021,16,34,75,,43,68,57,58,38,30,37,86,36,31,,36,,40,31,38,49,31,34,42,51,66,30,26,33,49,54,49,50,57,45,33,48,40,41,39,44,42,30,34,43,54,39,53,47,43,52,35,,54,40,52,46,,34,66,29,38,40,47,48,39,50,36,40,49,64,62,35,42,42,39,62,59
1/3/2021,17,52,97,,50,82,84,73,53,34,43,108,55,39,,44,,47,27,52,66,29,44,56,56,82,33,32,49,62,69,67,66,76,40,40,63,65,50,38,60,47,34,34,53,68,59,64,48,49,74,31,,67,46,76,57,,47,78,44,52,35,62,59,39,65,47,55,57,79,80,41,56,57,51,72,70
1/4/2021,13,51,87,,50,89,74,81,43,37,40,92,53,46,,52,,41,32,42,73,24,40,77,60,59,23,26,53,63,65,58,66,82,39,39,63,57,49,25,54,41,34,42,49,64,53,62,44,55,82,25,,68,52,69,53,,38,70,45,48,43,62,47,45,62,51,50,64,88,66,41,50,51,48,69,77
1/5/2021,13,49,116,,46,78,82,65,66,31,43,70,50,52,,57,,46,30,51,91,22,43,92,56,74,21,37,48,53,88,74,85,,35,44,58,56,53,49,59,46,47,37,50,84,78,66,50,63,78,28,,77,49,74,51,,47,79,53,50,43,63,59,38,73,47,49,63,103,68,36,57,54,75,74,123
1/6/2021,9,55,101,,47,82,84,63,51,35,41,48,58,55,,41,,55,24,48,118,17,54,94,53,62,32,41,46,55,69,83,71,,32,49,58,61,55,22,58,42,42,37,53,86,65,63,36,,85,25,,62,38,101,60,,48,81,53,46,33,67,68,37,66,53,52,63,139,70,29,61,54,56,67,142
1/7/2021,10,49,88,,45,74,72,55,54,34,35,41,62,51,,42,,53,23,47,120,24,48,100,55,63,29,44,48,47,60,57,70,98,34,35,52,57,50,34,55,32,41,33,51,58,54,64,45,,75,28,,56,43,91,65,,42,72,50,38,38,59,57,39,86,56,46,58,128,84,23,44,46,45,71,111
1/8/2021,12,33,79,,44,43,59,46,39,29,38,49,48,51,,46,,40,30,43,50,34,41,93,52,42,43,27,33,43,51,50,63,93,33,35,51,50,54,29,56,31,30,31,39,44,42,51,39,,59,35,,48,45,63,68,,35,72,39,35,20,55,54,36,71,41,38,60,58,73,30,33,41,34,63,52
1/9/2021,14,37,77,,35,48,55,55,34,27,32,46,48,34,,40,,42,36,42,63,37,38,78,44,52,42,26,32,40,51,44,53,77,33,37,41,39,37,19,55,36,28,31,46,44,40,48,23,,51,38,,43,54,57,44,,32,73,34,29,21,36,51,33,56,43,46,57,81,64,34,36,40,31,59,54
1/10/2021,16,54,80,,45,57,69,55,38,27,33,38,56,48,,51,,46,32,45,68,35,48,76,46,50,37,36,43,49,54,49,56,94,42,37,48,48,49,24,56,37,39,33,52,53,46,56,25,,60,33,,50,43,83,50,,38,74,48,38,23,47,62,37,73,51,51,55,97,75,36,45,46,36,62,65
1/11/2021,18,54,82,,45,56,63,58,48,29,42,54,56,40,,55,,51,30,53,68,38,43,84,49,61,43,31,44,49,59,61,65,105,42,37,52,49,53,44,58,42,37,41,45,56,49,52,25,,63,35,,56,45,80,52,,41,76,43,42,48,57,59,37,81,50,56,66,89,70,31,50,48,38,66,77
1/12/2021,19,66,95,,44,61,77,88,66,21,49,73,47,19,,30,,72,31,69,89,40,52,162,41,90,38,47,38,61,71,66,69,105,30,44,63,65,57,55,78,62,43,41,68,71,58,47,28,,68,37,,70,56,79,58,,51,128,38,43,59,28,67,29,72,49,50,54,95,112,40,63,61,49,57,91
1/13/2021,16,72,120,,47,64,66,103,83,27,45,104,64,37,,34,,79,38,77,106,40,57,137,47,104,35,56,58,82,93,82,93,105,35,50,85,68,59,87,87,57,33,36,75,91,79,64,30,,103,41,,94,60,86,77,,63,110,60,72,97,,92,43,61,67,70,51,115,106,46,80,85,67,61,122
1/14/2021,14,84,153,,62,80,93,130,112,41,57,171,86,42,,55,,104,41,88,113,38,,172,63,138,37,85,80,109,119,105,110,117,62,72,105,83,73,78,103,55,47,45,92,118,107,88,29,,131,41,,119,57,133,93,,81,143,75,90,72,,136,47,97,86,93,62,154,130,50,109,114,91,93,162
1/15/2021,17,78,176,,63,100,111,129,115,49,60,130,87,52,,67,,124,45,96,104,43,87,192,74,125,46,95,67,116,128,117,125,120,69,74,119,102,102,74,110,61,60,51,118,124,125,81,32,,150,43,,125,56,146,101,,89,155,74,93,66,73,146,50,96,91,106,74,165,123,46,110,121,104,95,185
1/16/2021,17,58,124,,64,113,135,110,109,46,70,111,67,56,,58,,95,43,113,80,39,92,198,76,105,40,86,58,102,102,92,115,105,66,62,105,102,82,65,111,65,53,41,71,89,75,83,26,,145,37,,107,55,90,88,,74,136,54,72,55,75,98,45,105,76,88,63,89,120,34,86,88,68,82,133
1/17/2021,18,46,102,,69,96,107,74,87,42,62,61,76,52,,60,,80,42,90,59,44,,167,72,72,42,69,60,70,76,73,78,100,78,47,71,76,75,56,89,59,60,36,76,71,60,100,28,,83,40,,76,53,75,85,,65,111,59,54,44,72,83,48,90,70,70,67,83,110,39,62,66,52,100,126
1/18/2021,28,48,92,,55,60,72,62,60,42,50,73,62,34,,64,,60,42,62,45,51,47,115,71,76,56,43,44,57,64,97,68,96,53,39,58,63,60,67,66,58,47,49,59,60,54,74,37,,65,49,,60,74,79,56,,45,96,50,45,66,63,67,33,80,53,60,79,81,85,48,53,53,44,79,78
1/19/2021,23,69,112,,60,82,76,90,74,45,57,101,79,38,,59,,72,48,73,66,52,62,111,66,83,57,69,66,73,81,103,82,102,71,52,77,62,66,79,75,60,50,51,75,84,67,75,38,,95,49,,82,57,84,73,,65,102,62,64,68,62,83,38,80,72,78,69,122,100,46,79,70,59,78,111
1/20/2021,22,66,135,,73,91,99,111,107,45,60,172,87,58,,67,,83,36,95,89,42,81,160,71,106,40,99,71,92,105,122,102,89,64,63,94,84,71,83,100,59,54,50,68,107,98,85,29,,124,35,,99,68,115,89,,76,134,72,80,80,96,115,48,98,75,98,81,154,112,53,97,92,85,85,164
1/21/2021,18,81,159,,80,109,116,117,118,52,65,178,100,69,,71,,122,42,94,105,45,79,196,79,113,54,79,91,104,116,134,112,99,78,,101,98,78,78,121,59,59,66,111,116,107,91,26,102,134,52,,114,64,90,120,,91,152,89,83,90,100,144,55,106,88,108,82,175,133,54,100,106,95,89,174
1/22/2021,16,101,167,,83,127,129,136,119,51,70,159,104,72,,68,,111,50,105,121,48,93,230,84,120,43,78,85,118,144,148,148,107,80,122,122,95,80,66,153,58,60,61,107,153,126,100,33,114,150,55,,144,59,128,126,,95,154,98,101,50,98,158,58,102,87,129,76,160,124,44,123,131,120,97,216
1/23/2021,14,69,111,,85,112,118,114,105,48,69,106,81,70,,69,,105,45,98,93,36,94,176,87,108,33,78,58,98,99,109,108,79,81,109,108,111,76,58,145,57,70,57,86,101,81,108,30,121,133,38,,105,50,114,106,,82,149,65,78,57,90,118,55,105,73,100,81,117,128,39,95,91,74,105,131
1/24/2021,17,25,76,,83,96,102,53,113,48,72,134,54,51,,69,,53,29,86,56,30,60,132,80,111,33,66,40,53,54,61,60,66,81,60,53,61,68,72,79,39,74,53,50,49,38,136,32,93,65,29,,55,48,48,60,,40,98,44,35,89,92,60,56,114,53,51,81,52,97,33,40,44,37,91,78
1/25/2021,18,22,57,,80,96,103,49,128,58,70,155,42,54,,61,,51,30,81,68,30,47,146,87,124,29,57,35,45,42,53,49,62,74,60,51,52,59,94,75,33,69,48,41,41,26,108,42,88,64,28,,48,41,48,66,,37,95,34,33,105,99,47,57,116,47,,77,40,79,25,41,32,29,115,79
1/26/2021,23,26,62,,80,103,120,55,102,60,71,133,41,67,,64,,54,38,81,60,34,50,192,81,98,32,82,30,51,48,65,55,70,74,61,55,72,72,61,83,37,64,47,45,51,42,106,66,101,69,35,,60,46,69,55,,44,104,36,39,43,106,51,50,109,47,57,77,49,115,36,47,37,31,103,83
1/27/2021,21,23,71,,87,113,106,57,79,67,71,94,48,71,,72,,47,34,86,60,33,57,156,83,87,32,84,37,57,54,64,65,64,72,64,58,91,80,59,84,41,71,55,50,59,45,113,46,104,80,28,,66,48,53,58,,47,110,42,43,32,105,58,57,111,58,61,85,43,114,39,48,48,37,106,92
1/28/2021,19,29,71,,89,145,117,63,83,67,63,79,50,74,,66,,55,35,70,71,31,48,163,84,77,24,62,33,57,59,71,75,78,91,67,59,73,76,43,79,43,82,46,48,62,40,119,40,108,81,31,,68,45,60,69,,40,106,46,45,27,113,57,,108,54,61,77,50,95,29,51,51,40,106,92
1/29/2021,20,41,105,,70,78,85,75,58,60,49,53,62,71,,74,,73,42,80,74,34,65,105,66,68,28,59,51,71,74,87,94,88,69,73,72,69,77,55,76,59,65,47,74,73,65,86,52,101,83,36,,74,58,84,77,,60,97,55,55,37,92,82,48,110,65,72,92,81,85,38,63,66,53,94,84
1/30/2021,20,54,118,,65,98,89,77,69,49,56,84,82,56,,57,,87,54,81,82,45,66,102,62,73,41,79,73,72,83,79,94,93,61,78,74,73,74,61,98,84,59,44,85,72,78,76,61,69,85,43,,73,66,106,93,,87,102,63,54,43,73,95,40,89,70,75,67,120,100,50,61,72,65,78,98
1/31/2021,22,54,109,,78,102,88,83,70,44,53,87,93,47,,43,,83,41,102,83,48,67,113,62,70,41,80,75,76,79,97,90,95,65,83,77,80,79,45,98,83,67,27,83,72,69,76,88,65,87,45,,73,64,107,95,,76,114,75,58,22,57,91,,95,79,78,56,107,102,48,65,69,58,88,97
2/1/2021,21,66,139,,71,126,109,114,77,53,58,74,93,52,,49,,98,42,93,130,39,77,172,59,70,30,88,78,99,102,114,117,101,60,110,97,93,85,43,111,74,63,35,87,108,95,80,65,76,127,39,,101,61,128,101,,81,140,82,79,34,71,110,37,90,87,93,60,134,123,42,102,98,77,89,148
2/2/2021,21,64,123,,62,112,108,98,63,48,62,68,101,37,,39,,101,47,83,134,38,79,207,69,68,29,79,84,89,95,103,112,97,61,95,89,93,91,47,104,71,64,39,90,98,80,88,72,65,112,39,,104,59,108,105,,89,126,82,73,41,53,98,44,82,90,92,50,107,106,46,90,77,74,92,141
2/3/2021,20,58,130,,67,94,98,90,70,52,64,63,90,34,,36,,103,51,107,106,42,70,200,75,70,30,87,75,92,95,111,125,103,79,89,93,78,88,42,107,66,83,38,112,94,85,108,80,66,91,41,,104,58,100,103,,87,119,76,67,45,54,108,47,104,92,91,45,93,107,50,83,89,72,106,128
2/4/2021,24,52,121,,68,85,93,86,67,59,56,71,85,41,,50,,85,52,107,88,37,74,149,72,68,24,78,68,81,86,137,104,105,77,,85,89,88,36,114,76,96,35,92,80,73,100,40,77,91,34,,88,62,99,83,,76,131,66,62,35,64,98,50,100,96,84,62,99,98,49,80,78,66,101,95
2/5/2021,22,65,121,,65,101,94,90,63,63,55,82,92,58,,67,,96,45,79,107,35,64,152,87,67,27,87,78,84,92,106,101,100,78,89,82,80,76,37,96,85,95,42,86,88,79,107,21,89,104,32,,86,58,114,92,,80,118,81,67,40,88,96,54,97,77,90,84,134,99,42,86,80,70,102,114
2/6/2021,22,59,117,,74,95,88,87,80,77,48,85,97,64,,78,,108,44,85,108,35,67,163,83,74,36,103,83,74,87,112,88,101,83,106,74,87,81,57,98,83,97,52,92,87,82,119,22,100,93,34,,80,47,118,104,,82,130,80,60,35,101,96,52,114,92,76,97,137,102,37,72,74,66,114,141
2/7/2021,26,51,111,,78,93,99,89,67,78,61,94,85,68,,75,,105,39,96,101,33,79,171,80,79,34,110,71,86,91,91,93,102,86,111,83,93,95,64,106,74,96,62,81,89,71,127,20,97,116,31,,97,49,96,109,,72,123,72,72,38,101,101,55,112,97,88,94,91,111,43,85,80,67,101,111
2/8/2021,21,28,68,,74,95,105,52,93,55,69,84,56,19,,50,,73,34,93,60,32,56,177,70,86,37,99,40,53,53,64,60,65,67,69,52,66,82,51,88,55,64,41,55,52,37,93,18,20,77,29,,61,55,49,76,,45,103,41,43,21,29,53,40,81,60,51,62,51,97,44,48,44,36,94,98
2/9/2021,25,31,69,,15,32,56,69,51,21,17,29,32,11,,19,,33,29,55,76,33,44,150,23,34,35,35,23,61,56,60,58,73,12,89,,55,63,37,80,32,9,27,37,66,36,25,21,19,90,30,,71,43,61,47,,29,92,43,51,14,11,46,15,74,39,60,29,73,78,42,57,43,37,24,134
2/10/2021,23,30,80,,23,34,43,73,36,27,24,35,42,15,,21,,34,32,24,62,32,36,98,34,42,27,11,28,57,55,64,57,53,21,65,,33,33,21,38,30,17,26,40,66,40,41,18,28,91,31,,71,50,44,48,,33,77,31,43,20,18,51,19,65,44,53,32,94,53,42,43,43,36,35,110
2/11/2021,21,35,99,,26,51,54,66,54,39,31,54,60,22,,32,,53,28,38,78,28,45,126,40,55,27,22,43,55,66,55,67,69,28,70,55,53,50,34,50,36,31,30,45,56,50,43,18,37,78,28,,60,52,74,57,,44,92,45,38,27,25,61,22,91,62,52,41,103,77,40,45,51,43,49,115
2/12/2021,,34,107,,40,58,52,63,65,54,43,61,57,28,,39,,65,21,66,77,29,48,176,46,63,29,39,41,59,73,67,74,76,39,70,58,58,54,38,62,38,44,34,68,66,60,75,19,51,83,26,,70,40,58,69,,47,99,47,45,34,37,70,31,85,64,56,51,88,97,43,48,60,51,63,
2/13/2021,25,24,76,,50,68,55,65,71,56,57,59,52,40,,45,,66,29,65,55,32,59,198,62,64,37,46,41,61,55,53,63,66,43,103,64,64,64,56,73,45,57,32,47,53,40,72,19,71,84,32,,65,41,50,70,,45,115,42,47,43,52,60,42,84,54,57,65,49,105,46,50,46,36,70,97
2/14/2021,25,20,66,,58,72,55,46,74,63,60,96,46,49,,47,,60,33,70,45,37,49,141,78,77,40,65,35,48,46,42,51,46,58,66,46,54,50,76,61,46,84,36,48,46,30,82,26,89,68,41,,51,49,37,65,,38,98,38,35,38,73,47,56,78,51,47,62,41,83,56,38,37,29,76,
2/15/2021,25,21,68,,66,69,63,45,82,68,65,98,45,55,,59,,73,36,66,58,45,48,155,80,90,49,66,38,45,45,45,51,52,65,62,47,50,55,89,68,46,105,60,52,44,31,89,24,98,57,42,,51,48,40,61,,38,100,43,34,56,88,48,64,85,48,47,80,45,72,53,38,35,29,85,
2/16/2021,31,23,70,,68,67,76,48,103,64,66,106,43,52,,58,,66,40,80,63,51,49,123,76,100,54,69,40,49,48,58,56,50,57,65,48,48,52,127,66,50,85,94,51,46,33,85,37,87,62,47,,55,56,42,69,,39,99,42,36,55,89,47,52,97,50,50,77,48,71,57,41,38,34,76,
2/17/2021,30,24,77,,71,71,79,58,93,66,65,75,52,47,,59,,65,46,77,63,48,51,157,72,81,50,69,42,58,55,52,61,54,72,74,58,57,58,63,64,54,81,81,59,55,40,106,36,88,79,47,,66,61,50,65,,47,92,45,44,38,73,59,53,114,51,58,69,56,79,61,50,49,39,86,121
2/18/2021,32,48,107,,53,59,79,79,57,64,47,50,63,49,,76,,73,43,78,70,39,64,146,59,61,40,53,58,70,79,78,82,73,54,81,69,61,71,51,84,68,59,75,72,73,70,67,26,80,82,36,,75,57,74,74,,62,101,54,59,49,66,80,42,94,64,70,92,88,77,56,64,71,58,78,104
2/19/2021,37,48,100,,46,57,63,70,53,58,43,57,60,42,,54,,69,60,58,65,45,49,123,63,61,50,41,55,61,71,63,71,86,52,68,59,55,65,56,69,79,59,46,65,64,62,80,31,60,70,41,,63,60,82,65,,57,97,51,50,45,53,67,41,73,67,64,70,97,76,56,55,64,53,70,87
2/20/2021,36,54,106,,52,64,63,77,58,65,43,97,66,36,,47,,69,48,64,73,45,52,131,63,63,46,60,57,64,75,65,76,88,63,68,63,57,74,68,74,95,60,49,72,69,68,84,30,60,78,45,,67,62,84,76,,64,117,57,51,51,44,80,41,99,70,67,60,108,87,53,59,65,53,82,82
2/21/2021,42,64,121,,55,81,87,87,89,64,57,93,91,35,,51,,94,55,107,106,46,78,165,62,75,45,97,84,81,87,91,97,107,75,89,82,88,91,98,94,100,83,54,84,90,75,93,30,71,108,43,,90,55,106,96,,81,185,84,68,65,46,99,41,130,90,87,63,114,109,50,75,80,70,81,
2/22/2021,39,44,91,,79,103,110,77,112,57,63,137,73,31,,48,,83,50,111,90,46,75,200,77,101,50,96,59,76,76,73,83,101,73,83,77,86,99,128,104,74,81,42,68,72,57,100,26,62,96,43,,81,45,79,88,,70,150,65,59,68,49,74,48,158,78,74,63,69,115,55,69,65,54,89,133
2/23/2021,51,40,84,,91,97,102,,105,73,74,121,62,39,,61,,83,56,85,82,56,59,142,88,95,52,70,56,68,66,65,72,86,96,70,65,69,93,179,80,61,108,57,65,65,52,124,39,68,86,63,,76,61,68,76,,50,114,58,52,65,71,63,62,119,72,66,73,66,89,68,59,58,48,104,100
2/24/2021,60,43,83,,96,102,106,,104,69,91,126,57,58,,75,,75,54,97,72,59,69,143,98,103,54,69,53,61,63,61,73,86,99,67,61,80,74,167,75,61,93,65,65,63,46,115,39,101,89,61,,70,62,71,78,,48,127,52,51,64,97,62,74,86,58,63,96,65,93,69,58,53,44,109,111
2/25/2021,53,42,93,,87,81,90,71,92,48,71,142,57,54,,73,,87,50,91,82,48,67,139,100,122,46,64,48,71,72,68,79,76,73,73,71,66,73,160,84,50,68,51,75,74,60,72,33,95,94,58,,82,52,66,77,,64,126,48,56,121,70,77,65,76,60,69,82,77,85,66,63,66,55,79,113
2/26/2021,40,42,87,,87,95,106,73,87,70,56,161,55,51,,65,,70,52,81,91,36,59,161,89,111,36,56,43,72,72,69,71,79,94,78,67,91,58,159,74,47,76,62,61,75,58,76,30,89,95,45,,79,49,84,74,,52,124,46,58,135,75,67,50,108,57,70,82,85,92,56,61,61,54,95,121
2/27/2021,36,42,93,,116,124,109,69,90,85,78,175,65,69,,86,,72,54,81,101,34,66,140,88,114,33,50,50,68,74,69,77,86,137,73,68,107,62,153,76,42,122,84,73,78,59,138,27,106,91,45,,79,60,91,73,,60,127,55,56,90,81,75,64,139,67,70,107,,87,59,59,63,58,139,118
2/28/2021,61,39,86,,115,108,117,58,89,95,96,132,64,76,,97,,72,38,79,69,38,64,134,105,118,32,61,49,63,64,62,67,80,211,68,65,99,77,131,74,48,177,101,70,64,54,162,29,136,89,50,,65,92,71,77,,60,118,52,52,65,100,94,77,179,58,63,113,54,92,64,53,54,52,147,120
3/1/2021,39,26,64,,109,76,93,39,84,84,105,172,41,84,,96,,49,40,65,48,38,41,108,112,116,36,43,31,44,41,44,53,61,144,52,40,65,90,113,76,42,130,104,44,43,30,110,27,144,57,36,,49,64,53,62,,32,89,32,36,73,104,42,94,190,39,43,112,33,63,55,35,32,34,143,84
3/2/2021,38,17,51,,119,86,72,26,74,95,103,167,26,83,,86,,40,34,52,35,41,30,70,117,109,37,40,16,29,29,28,41,37,122,37,26,41,51,121,51,39,144,115,31,29,17,119,28,149,47,34,,36,47,29,40,,24,77,20,23,63,111,30,79,200,25,26,118,19,50,48,23,21,21,156,69
3/3/2021,34,14,50,,99,43,54,22,55,109,56,87,31,89,,110,,27,31,44,33,31,25,91,78,57,34,32,21,26,29,28,37,39,98,36,26,31,51,61,54,36,107,167,35,26,18,122,25,145,46,28,,33,41,27,43,,22,54,25,23,21,116,26,73,147,29,28,132,19,27,47,23,19,19,152,58
3/4/2021,31,14,61,,45,31,52,37,42,74,31,91,33,75,,87,,35,31,43,45,34,34,127,57,60,37,29,27,39,40,34,43,39,46,,38,36,28,86,47,33,47,144,39,36,26,50,21,140,59,28,,48,41,32,43,,31,66,26,30,46,65,39,39,103,34,38,103,23,39,44,32,30,25,65,75
3/5/2021,29,17,57,,57,47,51,35,57,63,39,104,38,69,,71,,38,37,49,45,34,30,111,68,69,35,35,29,38,39,38,43,40,49,,36,34,51,140,58,37,52,140,55,37,27,65,22,158,56,34,,46,44,32,58,,31,63,33,28,60,62,34,49,90,39,38,91,31,40,43,30,28,26,73,72
3/6/2021,33,21,63,,67,61,67,37,59,88,45,97,38,90,,98,,39,38,,54,30,35,89,80,66,25,42,31,40,40,42,49,50,66,49,40,41,30,131,62,35,60,216,44,40,29,84,,216,58,30,,46,38,44,55,,33,70,32,31,30,97,39,66,102,42,41,116,33,44,42,30,32,29,93,69
3/7/2021,32,21,60,,86,61,66,36,66,102,54,110,36,103,,126,,36,35,77,46,28,39,77,82,66,25,48,28,39,38,37,42,51,99,47,39,45,55,134,61,42,104,340,43,39,25,101,24,226,63,,,42,39,40,52,,33,70,27,28,36,115,48,70,127,36,40,146,32,49,50,31,31,26,132,68
3/8/2021,37,21,66,,68,47,63,42,55,97,43,109,38,129,,125,,34,33,61,45,30,45,118,78,57,33,37,29,44,42,43,49,49,92,45,44,53,59,96,56,37,121,309,47,43,28,78,16,265,75,27,,53,35,44,46,,38,78,28,35,43,131,53,76,137,37,45,139,35,51,52,40,37,29,128,65
3/9/2021,36,18,60,,68,55,67,41,79,105,45,121,37,127,,124,,49,43,61,46,36,46,129,82,77,40,53,34,43,42,40,48,49,85,38,46,48,52,111,58,42,97,227,47,43,29,67,23,268,77,35,,50,44,39,52,,34,85,35,35,49,121,43,78,146,44,42,153,33,53,48,40,32,27,105,69
3/10/2021,33,24,66,,82,60,79,53,100,117,51,132,47,111,,130,,59,44,80,56,38,52,151,90,81,38,56,41,55,47,45,54,58,89,43,58,60,63,108,62,45,82,232,52,47,38,81,23,241,91,38,,60,48,45,56,,40,86,41,40,52,108,48,80,160,50,47,160,36,59,56,42,38,33,107,81
3/11/2021,27,22,69,,82,67,80,55,96,119,52,136,47,98,,147,,58,47,72,61,39,51,191,81,85,40,67,35,58,52,48,60,53,80,43,59,58,65,116,59,49,80,248,48,52,36,120,21,234,104,34,,64,45,47,56,,39,86,42,43,48,103,51,77,161,52,58,168,38,71,47,49,45,39,111,76
3/12/2021,27,27,67,,89,75,97,54,85,101,61,133,43,95,,124,,61,53,80,55,39,47,183,78,77,37,66,37,56,49,48,57,59,75,43,57,65,57,87,64,44,79,226,47,52,34,130,24,216,79,35,,61,40,53,59,,39,90,37,40,42,113,52,73,129,51,54,129,38,76,41,48,40,34,103,87
3/13/2021,27,25,66,,90,81,99,50,84,103,72,130,,101,,122,,62,48,69,51,34,54,144,85,74,30,71,34,53,48,47,51,55,72,43,54,60,59,93,65,41,82,180,49,45,32,110,22,233,71,38,,54,42,44,72,,38,84,34,39,39,108,50,82,113,49,51,139,39,63,50,43,38,34,103,91
3/14/2021,30,23,66,,89,76,85,44,88,92,72,130,37,91,,113,,54,51,76,53,38,56,159,94,76,32,54,32,45,48,44,49,57,70,42,46,57,48,107,66,44,84,144,43,45,32,87,26,259,62,37,,50,45,45,60,,36,85,35,38,59,101,44,94,104,41,47,122,43,57,53,37,36,31,103,80
3/15/2021,29,23,66,,93,77,83,42,104,80,82,135,37,87,,102,,58,54,73,47,42,53,135,100,107,40,53,35,44,47,43,50,53,81,41,46,54,50,153,68,46,79,107,50,44,30,91,22,191,61,38,,52,45,42,57,,36,83,34,33,79,97,44,86,93,44,47,114,43,56,49,37,36,33,94,78
3/16/2021,30,25,70,,81,71,75,47,95,77,78,144,45,81,,88,,61,53,70,57,39,44,106,100,132,39,53,43,49,52,47,56,57,76,42,50,57,46,200,64,48,68,113,64,48,36,80,25,193,69,34,,56,47,53,67,,44,82,39,42,117,87,54,85,90,50,53,95,49,55,56,41,40,39,94,75
3/17/2021,31,27,74,,83,67,84,48,96,80,76,147,45,83,,88,,65,45,77,53,39,47,99,93,118,35,51,45,53,55,52,61,59,81,43,54,64,36,206,68,50,78,118,62,52,40,83,24,235,75,38,,61,45,51,65,,46,87,42,44,131,86,51,81,103,52,54,99,56,62,54,44,44,42,98,82
3/18/2021,41,31,83,,76,80,90,60,101,77,80,132,52,91,,93,,74,48,80,63,39,60,125,92,127,33,64,49,62,62,60,66,69,73,44,63,73,76,219,80,56,72,125,68,62,48,90,28,261,83,42,,71,59,57,78,,55,100,53,52,139,91,59,83,111,61,66,102,63,71,57,53,52,47,96,86
3/19/2021,35,27,77,,92,83,96,53,103,80,87,121,47,92,,93,,66,46,73,56,37,47,106,93,129,30,61,46,57,56,59,62,63,73,43,58,67,79,208,75,49,72,153,67,56,42,89,26,283,76,37,,63,62,55,71,,47,97,42,46,119,92,53,101,108,54,61,100,,75,55,49,45,43,99,78
3/20/2021,33,28,76,,110,88,93,51,94,77,94,121,43,92,,83,,59,36,69,54,33,50,92,99,119,24,51,37,54,55,55,59,59,72,43,56,72,78,184,70,40,76,147,64,54,40,98,23,287,74,36,,61,61,54,68,,45,87,40,46,149,96,53,97,95,44,58,105,53,61,37,47,46,41,103,78
3/21/2021,28,20,64,,93,84,81,40,82,68,83,118,34,88,,73,,55,30,62,43,30,42,91,95,97,29,48,28,43,45,43,46,50,73,41,44,59,77,130,62,40,86,135,55,42,30,94,20,255,62,32,,47,56,41,56,,37,78,28,34,64,94,44,89,122,35,44,87,41,60,47,35,34,30,96,70
3/22/2021,29,24,96,,47,53,54,73,38,62,44,,42,64,,73,,62,31,64,57,32,49,90,57,42,34,59,39,66,71,74,72,45,59,55,62,60,46,38,69,48,57,154,66,80,52,72,21,164,89,23,,77,36,50,63,,48,89,41,61,24,67,60,,104,54,68,88,67,55,42,67,59,48,79,85
3/23/2021,28,40,93,,45,49,58,72,44,46,40,106,48,47,,51,,59,36,53,71,39,42,100,58,52,33,38,43,63,71,68,74,69,37,78,61,44,49,39,57,61,46,125,70,73,60,51,33,102,82,37,,75,38,75,58,,41,88,48,50,42,61,68,45,68,59,67,64,95,64,49,59,64,51,63,95
3/24/2021,,55,85,,63,68,80,76,72,55,54,113,58,60,,56,,64,42,75,108,30,62,148,84,62,35,55,55,71,76,72,76,85,47,96,69,88,,104,77,62,56,143,68,79,67,60,21,126,98,32,,84,44,100,73,,50,116,52,59,26,73,77,56,72,59,75,69,114,77,56,68,67,59,70,102
3/25/2021,21,34,70,,77,89,125,63,91,65,69,111,54,74,,84,,78,27,81,65,34,57,164,95,80,34,79,48,64,60,57,65,76,60,86,66,86,58,100,81,54,60,142,70,61,48,72,21,132,85,30,,69,33,63,70,,60,119,54,47,50,87,64,68,64,62,65,87,57,81,48,58,54,42,84,92
3/26/2021,30,17,41,,86,91,84,35,98,55,84,112,34,75,,66,,42,42,58,37,29,33,90,91,108,31,36,28,39,37,36,43,51,72,63,36,54,63,107,57,35,66,161,43,37,26,80,24,166,52,32,,43,37,34,50,,29,77,33,29,78,83,32,69,71,37,39,84,29,50,46,32,29,26,84,71
3/27/2021,25,16,43,,83,82,75,30,72,66,80,97,37,78,,81,,45,40,53,39,24,35,87,98,118,24,37,28,34,,36,40,42,69,59,35,54,54,168,59,39,65,148,62,33,23,90,16,172,59,28,,38,34,30,48,,30,68,31,25,98,84,34,70,65,39,36,93,27,50,46,24,27,24,78,77
3/28/2021,26,16,43,,77,71,72,31,63,74,62,86,33,96,,80,,40,24,48,32,21,28,65,96,90,18,33,24,35,37,34,38,42,86,59,35,61,50,161,56,31,73,137,51,34,23,79,19,281,55,21,,38,28,33,53,,28,67,23,29,118,98,32,81,66,37,39,92,29,44,40,26,27,23,87,65
3/29/2021,23,17,43,,74,78,68,32,58,77,60,75,33,96,,94,,,24,44,36,25,28,65,79,75,20,27,23,35,36,35,41,42,72,59,34,53,50,111,53,30,73,117,44,34,23,75,,319,52,28,,39,26,34,45,,31,54,26,26,99,97,31,70,97,32,42,100,30,39,38,27,25,24,82,69
3/30/2021,23,25,43,,97,116,101,35,60,108,67,81,25,161,,130,,39,31,42,46,26,48,92,115,84,24,25,17,39,38,38,47,59,115,68,38,77,57,80,48,25,96,159,40,38,24,128,21,389,58,33,,44,26,59,40,,33,108,21,34,103,136,31,91,134,28,45,136,34,65,38,34,28,27,127,67
3/31/2021,27,27,46,,137,169,140,46,62,118,113,90,29,151,,137,,40,30,51,57,28,46,81,154,107,20,26,21,42,42,43,48,61,121,57,40,93,63,80,55,26,105,119,39,44,30,132,16,527,60,30,,52,29,76,46,,31,97,29,39,99,153,37,123,134,29,49,143,43,55,38,40,33,29,140,79
4/1/2021,25,20,41,,148,139,120,31,53,112,129,77,24,151,,125,,29,26,42,47,34,45,68,165,108,24,18,17,32,34,37,45,44,125,33,32,72,41,61,43,24,109,139,37,35,24,142,20,398,50,38,,42,27,43,39,,24,71,22,32,132,174,29,130,111,21,40,139,34,42,36,30,25,23,147,77
4/2/2021,28,10,31,,119,108,62,17,36,108,112,55,21,196,,146,,31,21,37,29,27,23,59,144,72,20,19,15,20,24,28,30,32,118,16,22,51,24,48,40,23,112,146,33,23,13,136,29,437,34,37,,28,32,,34,,17,62,23,18,87,159,22,124,130,23,24,151,16,28,35,17,14,14,149,62
4/3/2021,29,11,38,,72,56,53,26,48,93,74,28,21,276,,119,,28,32,34,26,28,33,75,101,70,23,29,17,29,29,26,34,31,78,24,28,50,21,71,42,22,77,221,,28,19,86,25,453,48,46,,36,35,45,35,,26,58,24,24,52,104,29,92,88,27,32,147,18,37,39,19,20,20,109,54
4/4/2021,30,14,45,,51,27,31,49,37,64,37,10,31,165,,89,,30,33,36,25,27,30,89,67,57,26,18,18,30,32,33,34,31,53,22,29,25,20,53,41,32,59,212,24,32,20,79,35,138,45,39,,37,41,36,40,,25,51,20,24,44,69,30,85,56,27,31,103,29,31,43,22,23,21,80,49
4/5/2021,32,13,63,,44,16,31,71,39,73,34,14,36,62,,88,,43,29,36,44,36,35,115,52,52,25,21,27,51,54,53,48,30,39,44,53,22,28,57,47,28,45,103,35,55,38,,30,99,88,38,,66,50,34,52,,27,64,39,38,39,74,46,36,25,42,50,91,45,44,43,41,48,34,60,76
4/6/2021,29,15,59,,19,15,34,72,49,21,45,,41,16,,,,53,37,59,44,30,38,202,25,65,29,32,30,50,47,48,45,37,17,50,55,25,32,70,65,36,17,22,39,47,36,25,19,28,86,29,,52,36,36,60,,39,71,33,34,36,21,58,12,23,45,45,25,64,59,43,39,44,31,28,76
4/7/2021,25,21,68,,20,20,26,69,50,26,30,17,52,21,,28,,55,38,46,40,32,31,130,40,55,30,32,39,46,50,49,47,41,19,43,49,28,28,64,59,35,19,24,53,49,39,28,21,36,71,34,,62,29,30,61,,42,63,57,38,61,21,56,21,24,56,44,34,59,47,46,37,44,35,30,65
4/8/2021,27,17,65,,27,31,44,53,56,34,30,18,44,26,,28,,62,44,51,52,38,35,133,41,51,34,34,34,48,53,50,48,31,23,31,54,34,20,88,58,37,22,33,46,50,41,31,36,55,75,40,,58,37,30,55,,41,73,40,34,65,29,51,31,29,49,45,38,48,46,49,34,51,37,39,78
4/9/2021,30,17,51,,32,38,66,43,57,37,40,16,40,37,,42,,56,42,44,39,41,39,143,47,63,32,28,33,41,37,34,45,35,23,35,47,60,23,70,51,36,27,43,47,37,27,37,33,84,57,44,,46,38,31,50,,42,68,35,29,43,41,43,35,46,50,37,47,25,42,54,33,33,24,42,70
4/10/2021,35,14,59,,33,39,52,60,59,,56,17,43,33,,33,,53,40,42,49,44,38,167,54,62,38,40,32,50,45,42,54,38,29,43,56,76,,56,48,42,25,47,43,43,35,41,42,83,71,45,,54,42,33,49,,44,84,40,41,23,30,50,39,34,51,50,40,24,63,49,43,42,35,34,75
4/11/2021,34,17,57,,41,42,51,53,53,,59,17,38,26,,26,,47,42,48,34,41,34,125,51,49,38,33,29,39,44,43,42,48,27,34,50,47,25,44,48,40,34,38,38,42,32,42,31,60,66,44,,50,40,37,45,,39,81,33,34,26,35,42,38,47,44,40,33,38,53,54,33,36,31,39,69
4/12/2021,28,17,54,,41,45,58,46,46,28,51,15,41,30,,31,,47,41,42,34,31,29,88,51,65,33,27,29,42,46,46,46,39,37,32,54,51,20,54,47,34,34,49,35,46,30,46,26,54,81,32,,50,37,35,48,,39,66,37,36,41,43,44,34,40,45,41,37,42,48,47,31,34,35,43,67
4/13/2021,24,15,44,,41,41,49,32,46,29,46,13,35,26,,30,,45,29,35,29,28,25,50,47,58,30,17,23,33,34,35,35,36,27,26,41,36,17,68,43,32,27,46,33,34,23,36,28,57,52,33,,37,31,28,42,,32,50,33,30,61,36,36,42,28,36,32,37,23,32,42,24,26,24,39,49
4/14/2021,23,14,39,,32,32,41,29,40,32,36,14,35,27,,33,,35,27,41,29,24,24,55,44,51,25,17,24,27,28,28,26,26,27,23,33,31,12,45,40,32,30,73,27,28,21,41,20,55,49,30,,30,25,24,40,,25,54,27,24,57,28,30,40,38,32,27,41,25,36,38,17,21,20,43,46
4/15/2021,24,14,42,,30,30,34,39,36,33,29,13,37,31,,37,,40,30,33,33,25,29,70,41,41,20,18,23,37,33,35,32,23,28,32,49,26,14,36,44,29,,58,29,38,24,35,20,80,50,36,,36,27,30,40,,27,63,33,33,35,31,33,32,29,39,34,45,28,39,38,30,25,22,38,59
4/16/2021,25,14,36,,37,49,43,25,36,40,37,13,26,37,,41,,36,31,43,35,30,23,67,47,47,24,15,21,27,28,31,31,26,29,21,33,27,17,49,48,27,31,87,29,30,23,41,34,93,46,42,,31,27,22,41,,31,55,24,25,41,35,30,45,27,28,29,52,26,29,42,20,22,18,42,57
4/17/2021,23,14,41,,24,28,37,34,36,23,20,12,30,34,,30,,42,24,49,39,31,27,82,40,40,25,22,23,31,30,28,27,27,20,23,41,35,17,44,49,29,23,30,29,30,24,30,,74,44,35,,31,22,27,45,,29,59,28,27,38,25,33,34,24,35,26,37,27,28,35,20,27,21,31,57
4/18/2021,20,14,35,,19,20,37,38,38,17,26,13,25,26,,17,,38,20,32,35,23,24,103,29,46,22,20,18,30,27,29,28,25,15,26,37,35,13,45,61,30,17,22,24,30,20,25,16,61,45,29,,31,24,21,42,,24,50,27,25,34,19,24,18,24,31,27,23,27,39,35,23,20,18,27,50
4/19/2021,20,11,33,,20,22,26,25,22,27,24,11,26,25,,28,,28,31,30,32,24,19,62,42,36,18,12,17,22,25,22,25,25,22,20,26,22,17,40,41,27,27,29,27,24,16,25,15,57,37,32,,27,21,17,33,,22,41,23,18,38,25,23,38,21,26,23,36,29,20,37,15,16,15,28,49
4/20/2021,18,9,35,,27,35,36,32,32,34,31,11,24,35,,36,,,28,33,41,26,34,143,50,41,19,16,12,28,29,30,35,26,25,20,34,27,13,24,40,27,20,41,,31,17,35,15,76,40,32,,37,26,19,33,,20,47,18,22,43,32,33,40,34,21,26,50,26,21,33,20,18,17,37,52
4/21/2021,23,13,34,,39,37,47,30,28,48,37,12,24,40,,47,,,22,33,48,25,34,134,52,50,20,12,13,29,29,28,32,28,31,18,36,27,18,43,44,25,29,56,28,32,20,49,17,103,48,31,,35,25,21,37,,20,64,22,23,57,40,27,41,49,27,30,58,24,31,37,24,22,19,49,62
4/22/2021,21,16,43,,44,46,46,42,35,62,38,12,29,55,,56,,40,29,34,60,21,36,111,58,59,20,13,20,38,38,42,35,35,43,41,43,36,26,51,45,25,39,65,35,47,34,60,16,155,57,37,,45,24,29,44,,30,71,28,32,61,50,36,50,47,38,37,71,39,37,40,37,31,31,60,88
4/23/2021,20,20,50,,60,60,57,42,39,76,58,11,34,67,,65,,46,26,42,48,22,32,90,72,55,18,22,34,38,40,38,42,35,53,38,47,41,30,32,57,27,51,59,42,40,32,71,16,201,52,40,,45,25,30,54,,33,70,34,31,58,66,42,64,55,38,40,79,38,38,41,30,35,30,72,68
4/24/2021,19,20,55,,65,56,59,42,43,69,55,11,33,71,,66,,46,33,37,44,18,42,73,85,59,17,21,27,41,45,39,45,41,56,36,52,42,31,35,53,31,55,59,40,42,34,76,12,175,57,31,,48,27,36,45,,34,72,28,32,67,71,44,69,67,32,42,82,35,38,41,30,38,33,81,67
4/25/2021,21,21,49,,69,59,57,39,38,46,55,10,41,38,,50,,44,23,44,43,16,40,94,83,68,15,23,34,37,41,40,41,38,59,36,,40,29,48,54,32,60,56,42,41,32,76,13,93,54,31,,43,24,37,53,,37,73,39,33,72,64,39,67,62,42,40,56,42,36,41,27,32,32,71,66
4/26/2021,20,18,50,,44,41,45,42,41,37,36,11,37,,,36,,43,26,34,46,24,28,105,55,72,20,17,27,36,44,41,42,33,30,36,,30,21,45,60,31,31,37,41,43,32,43,21,39,57,35,,49,25,26,50,,44,53,33,34,53,34,46,42,37,39,40,47,37,32,39,29,33,32,40,67
4/27/2021,21,17,51,,28,21,29,43,29,28,23,12,30,23,,28,,43,25,36,39,21,28,179,35,30,16,16,21,30,36,33,35,28,25,32,,24,20,20,48,28,23,24,38,35,31,32,13,41,60,26,,39,23,32,41,,28,64,28,24,15,31,46,31,27,37,32,35,45,37,41,24,28,27,32,54
4/28/2021,20,19,61,,21,25,28,59,33,20,29,11,38,19,,21,,40,31,31,48,21,25,126,33,40,21,15,24,45,46,44,47,36,17,36,,23,33,37,42,27,19,13,39,46,35,,16,39,75,34,,55,27,36,,,30,65,38,33,29,26,45,29,25,36,41,29,51,39,43,36,41,33,28,67
4/29/2021,20,13,44,,19,19,20,46,24,21,19,11,25,20,,17,,26,30,24,36,23,21,90,33,35,25,11,17,30,31,31,33,31,16,26,43,19,26,34,38,26,17,14,29,33,23,24,20,38,52,38,,35,28,27,,,26,50,19,21,21,18,31,24,21,28,28,28,33,30,40,22,28,20,28,60
4/30/2021,17,14,46,,20,17,23,48,27,15,19,11,33,20,,19,,39,31,21,31,24,31,116,32,41,20,13,21,38,34,34,37,36,14,31,46,23,14,30,39,31,12,15,33,34,27,22,24,39,68,36,,41,28,28,38,,32,61,,23,25,16,47,21,25,35,35,23,39,42,44,25,30,23,20,58
5/1/2021,21,11,41,,23,16,28,27,25,20,23,11,37,19,,16,,49,28,31,29,22,24,77,35,34,18,12,21,26,28,30,30,28,18,21,46,19,14,29,47,34,14,15,39,28,18,31,18,33,47,34,,31,27,23,44,,34,50,,26,33,18,34,20,32,35,27,26,20,42,44,18,21,21,27,54
5/2/2021,23,14,52,,20,25,37,47,26,23,27,12,39,21,,26,,42,25,35,35,24,,104,37,42,17,16,28,40,39,36,41,29,23,32,41,25,23,29,53,37,,14,39,35,25,24,18,38,59,30,,43,27,32,43,,35,61,33,32,33,25,49,24,28,38,38,32,30,39,39,28,34,26,23,63
5/3/2021,20,13,53,,31,32,37,53,34,24,29,13,37,24,,26,,42,30,39,49,26,,165,38,48,20,19,28,40,46,45,47,29,25,30,29,31,17,30,46,35,19,22,38,47,30,31,22,44,66,30,,53,27,33,41,,34,61,33,33,35,27,49,27,27,39,40,32,40,40,38,30,36,32,27,65
5/4/2021,24,17,47,,38,35,42,64,42,34,33,15,40,41,,33,,47,32,49,48,27,38,152,45,47,20,29,28,45,46,40,46,37,32,30,41,31,21,60,47,36,21,25,34,42,30,,26,62,74,29,,48,32,39,41,,33,71,46,34,42,34,50,24,31,44,44,36,33,44,44,28,40,34,35,71
5/5/2021,21,17,63,,39,39,44,59,37,35,35,13,45,30,,29,,55,25,53,51,31,34,161,50,54,20,28,28,47,51,42,45,35,32,32,48,30,26,56,51,33,21,20,46,50,42,42,20,40,75,25,,53,36,39,48,,39,68,51,36,27,32,65,31,39,49,45,39,41,50,42,39,44,34,38,67
5/6/2021,21,,50,,34,36,40,47,33,35,31,15,34,14,,31,,39,20,36,41,22,22,134,47,44,16,20,27,34,39,37,37,44,25,25,34,32,25,39,46,32,23,,34,36,31,40,,26,61,27,,42,29,37,41,,28,53,30,27,23,31,42,28,39,37,34,39,46,36,35,25,37,26,40,54
5/7/2021,19,18,47,,27,42,34,48,29,28,35,10,27,19,,24,,32,24,32,34,20,23,138,39,54,,11,24,26,32,32,27,29,25,21,26,17,18,52,40,25,19,,29,32,25,34,18,32,45,22,,33,26,25,33,,25,44,31,24,34,32,38,25,44,26,23,34,45,29,33,23,26,23,29,55
5/8/2021,23,15,62,,36,27,39,60,32,35,39,10,30,25,,30,,43,28,46,54,23,28,167,45,60,,24,23,39,45,43,42,31,26,24,38,20,21,69,66,31,25,22,34,47,40,39,25,42,65,29,,50,24,29,40,,29,51,38,30,44,41,54,26,35,34,36,35,41,50,38,28,44,36,41,75
5/9/2021,22,17,50,,28,,24,49,29,27,34,10,43,18,,24,,44,27,41,33,22,22,90,51,60,18,19,28,33,36,35,35,24,24,22,,19,13,44,60,30,23,17,41,34,26,29,18,41,52,27,,39,27,26,48,,33,49,44,26,56,30,43,23,20,45,32,30,36,43,37,23,31,28,27,58
5/10/2021,25,18,37,,27,25,38,37,35,29,28,8,29,25,,29,,42,27,41,48,25,25,94,50,54,18,20,22,28,31,31,31,24,24,23,23,19,13,43,65,27,17,23,37,32,20,25,26,46,50,28,,36,28,24,44,,28,55,39,29,50,24,31,27,25,36,29,34,29,37,43,23,26,22,30,66
5/11/2021,22,17,37,,28,23,28,37,32,21,26,10,28,22,,22,,37,24,35,40,23,31,87,45,53,16,15,20,29,29,31,32,29,19,20,30,24,17,51,48,28,16,18,40,30,21,25,19,40,47,24,,35,29,24,39,,28,51,33,26,42,26,30,25,22,31,26,31,24,30,44,20,24,19,28,58
5/12/2021,22,15,33,,29,28,33,27,31,19,29,7,24,21,,23,,28,21,36,38,18,24,75,48,52,16,16,18,23,26,29,32,28,20,17,26,22,16,27,45,30,15,14,36,25,20,28,20,26,44,39,,32,22,24,42,,24,52,27,22,42,27,24,24,22,27,24,30,24,28,41,17,18,17,27,57
5/13/2021,21,14,31,,28,27,35,23,37,22,29,8,23,21,,24,,32,21,34,40,20,24,118,46,55,15,18,14,21,25,24,31,25,18,19,22,21,17,35,47,28,15,14,31,22,14,31,22,35,39,37,,28,24,23,34,,19,47,27,19,37,26,24,25,24,27,21,29,21,27,37,17,15,16,30,51
5/14/2021,25,14,32,,30,30,40,22,37,26,29,6,20,23,,31,,31,21,35,43,24,22,104,47,62,15,13,12,22,24,24,29,29,22,20,21,24,17,55,37,28,17,22,30,24,15,36,18,38,45,34,,27,27,27,31,,21,47,26,20,41,27,22,24,25,23,22,35,37,25,43,18,14,16,30,47
5/15/2021,28,17,33,,37,31,36,26,36,34,31,7,23,34,,34,,34,26,30,40,19,33,80,54,64,16,13,14,23,26,26,34,29,26,22,24,21,17,42,52,30,19,34,34,26,14,39,15,51,52,31,,30,25,25,35,,25,48,33,23,31,32,29,29,33,26,23,42,23,28,49,17,16,19,35,45
5/16/2021,24,14,30,,43,32,37,21,33,36,34,8,25,33,,37,,33,22,26,30,20,,85,48,45,15,11,14,23,20,24,25,29,35,19,24,22,16,37,39,27,25,28,26,21,11,43,22,54,41,36,,22,27,19,34,,26,48,29,18,31,36,25,36,39,26,22,42,17,26,48,13,12,13,42,45
5/17/2021,24,13,35,,40,31,,26,32,35,35,9,30,45,,42,,35,18,35,37,24,,102,55,49,16,14,17,24,25,27,30,24,36,20,24,20,17,34,49,28,26,24,28,25,16,42,15,77,46,36,,31,26,21,33,,29,50,30,20,48,39,24,36,37,25,21,51,27,31,40,16,19,17,44,46
5/18/2021,25,14,31,,37,30,35,20,31,36,32,10,30,45,,36,,34,22,27,33,22,23,74,58,72,25,13,14,22,22,20,30,30,39,16,26,21,18,19,49,27,25,25,30,21,12,46,16,74,40,30,,27,23,22,35,,27,46,27,18,30,37,29,33,39,19,19,45,17,25,34,12,13,18,45,43
5/19/2021,24,15,43,,36,30,40,34,27,31,30,10,39,41,,33,,37,31,30,29,22,26,64,47,54,18,13,24,23,32,28,29,24,35,20,25,23,15,24,39,28,24,28,33,30,24,39,18,,57,34,,32,28,21,34,,27,45,31,22,41,36,34,32,30,31,23,43,36,28,36,16,24,24,43,44
5/20/2021,23,12,38,,41,30,36,30,32,34,29,9,36,43,,32,,33,24,25,35,20,23,63,51,56,20,11,18,24,28,24,34,25,29,19,23,22,12,20,39,25,24,25,33,29,17,41,18,,60,32,,36,27,18,30,,24,44,34,20,42,35,28,32,37,23,23,43,19,28,34,16,19,21,44,47
5/21/2021,26,12,35,,41,30,34,36,35,31,29,9,32,41,,36,,36,24,28,29,21,13,55,56,49,25,9,24,20,25,21,27,15,28,16,20,16,9,26,43,23,25,20,31,24,16,37,14,54,47,33,,28,26,15,32,,23,41,29,21,44,41,27,30,24,26,17,45,23,28,33,13,19,16,46,44
5/22/2021,24,11,30,,30,22,23,25,27,24,32,9,27,40,,29,,24,18,26,32,20,13,37,50,46,20,12,18,21,24,23,24,16,23,14,21,12,9,22,34,22,19,,24,27,16,29,20,59,44,36,,29,31,11,29,,16,36,29,21,42,34,26,27,21,23,18,35,32,26,31,12,18,17,33,45
5/23/2021,29,11,30,,26,21,21,23,24,19,29,11,28,39,,20,,27,21,29,33,25,12,53,41,46,24,15,22,19,24,23,24,17,22,14,18,13,8,25,38,24,15,12,23,25,14,22,30,47,47,36,,25,35,14,33,,16,38,28,20,35,32,21,25,14,32,21,25,29,24,35,12,18,17,24,41
5/24/2021,31,15,36,,20,24,26,30,27,15,27,10,33,25,,15,,31,25,35,33,35,16,56,42,41,29,21,20,25,27,26,27,19,16,17,24,18,13,17,40,26,13,9,30,28,20,22,23,51,53,39,,32,32,17,33,,20,44,34,21,22,21,27,21,19,32,22,21,24,27,39,16,22,19,23,44
5/25/2021,29,16,36,,15,19,24,30,21,18,20,9,32,16,,21,,29,25,35,41,32,16,102,27,32,29,14,20,24,27,30,28,23,11,16,26,18,13,15,39,22,11,13,35,31,21,21,24,34,55,34,,34,34,20,34,,22,42,28,20,13,14,26,17,24,34,26,25,30,30,40,15,22,19,21,46
5/26/2021,29,16,37,,23,29,33,32,34,23,27,8,30,18,,24,,32,18,32,42,28,18,71,40,34,28,16,16,25,32,30,,26,16,20,25,20,14,17,41,22,17,17,27,31,24,27,20,38,54,31,,34,27,23,32,,21,41,30,21,17,18,28,23,21,32,26,32,38,26,33,21,25,22,29,46
5/27/2021,23,16,39,,27,40,30,32,31,26,31,8,39,21,,31,,32,24,23,39,21,21,61,43,43,23,12,17,27,31,32,33,26,25,22,29,23,16,16,38,22,23,25,36,35,24,34,,38,58,31,,38,35,22,30,,23,50,26,26,17,28,32,25,29,32,25,35,31,31,36,27,25,21,31,46
5/28/2021,23,13,39,,20,21,32,25,29,24,25,10,30,14,,28,,28,25,24,26,23,31,102,36,37,24,13,18,23,26,24,34,26,20,18,25,17,12,21,32,19,16,24,31,26,16,32,15,26,65,32,,30,24,21,27,,24,,30,18,22,21,29,18,19,24,23,33,23,20,37,16,20,16,31,44
5/29/2021,26,15,36,,19,19,30,21,23,20,19,9,30,20,,24,,24,27,24,30,24,17,55,34,31,22,11,23,21,24,22,26,20,22,18,22,14,17,22,31,23,18,10,25,21,16,,23,,54,32,,26,28,16,27,,18,35,28,18,27,21,22,20,13,23,18,28,29,18,38,13,16,13,24,40
5/30/2021,23,11,28,,20,15,22,15,20,16,23,10,30,18,,16,,22,30,23,28,22,20,38,36,34,20,13,19,19,19,16,22,19,19,12,22,16,11,23,33,25,14,10,22,17,13,21,35,32,44,37,,20,32,15,27,,16,36,26,16,27,21,18,20,11,19,14,21,18,20,39,10,12,12,21,42
5/31/2021,21,13,34,,18,15,22,27,26,17,25,12,32,13,,18,,27,34,29,30,25,16,,37,39,26,16,18,21,27,24,26,25,11,15,25,13,12,24,38,26,13,12,28,25,16,19,26,17,48,39,,28,35,19,30,,23,41,28,22,33,16,23,23,15,22,20,22,26,23,44,15,19,15,18,43
6/1/2021,22,16,37,,22,17,28,25,29,25,27,10,34,24,,25,,33,29,32,36,27,17,56,39,41,23,17,23,24,28,26,29,26,18,17,26,17,12,30,40,31,19,20,34,25,19,27,25,38,51,45,,30,32,21,32,,24,45,33,20,34,25,26,23,17,25,23,33,28,28,34,15,22,17,28,46
6/2/2021,23,17,38,,27,22,28,31,30,36,28,12,38,36,,37,,40,33,33,34,28,17,69,50,46,23,17,21,25,29,31,29,27,27,19,29,20,9,36,44,28,28,29,36,28,22,39,23,59,51,40,,32,28,23,40,,26,45,39,23,34,40,27,28,20,29,26,43,26,28,39,17,21,19,42,45
6/3/2021,25,19,35,,43,30,29,26,31,40,29,15,35,40,,38,,30,27,32,34,25,18,52,56,48,24,19,24,22,26,28,29,26,40,20,27,21,17,44,46,29,33,32,33,25,20,52,24,58,53,41,,26,30,22,35,,22,44,39,17,33,49,24,32,31,23,19,50,26,27,40,16,19,16,49,43
6/4/2021,24,18,39,,39,44,38,33,33,39,34,15,38,23,,33,,40,25,33,34,21,18,51,47,53,22,19,22,26,30,28,30,27,36,18,30,24,19,35,43,32,30,32,35,28,20,48,22,38,53,41,,32,31,22,34,,34,46,34,22,35,31,29,27,38,26,25,41,25,30,35,16,23,22,49,45
6/5/2021,22,16,37,,21,33,35,33,40,25,30,13,35,19,,21,,32,25,35,38,19,18,49,35,57,21,21,20,25,29,29,29,22,20,19,28,22,17,23,37,29,16,13,31,31,23,33,19,,51,34,,33,26,22,33,,23,42,39,20,20,22,27,25,22,26,25,26,30,32,40,19,22,21,32,44
6/6/2021,23,13,35,,19,22,24,24,27,26,24,13,31,23,,25,,25,26,29,36,21,13,,32,49,22,17,15,21,28,26,25,20,19,16,23,15,13,21,33,25,19,12,23,27,18,28,17,36,43,36,,27,31,16,30,,19,38,32,19,22,24,25,22,13,21,19,32,38,24,39,14,22,18,32,41
6/7/2021,27,12,31,,20,21,25,24,25,24,21,11,27,23,,24,,23,27,26,32,27,14,53,35,32,28,12,19,19,24,22,22,19,18,15,22,12,13,15,34,21,18,14,28,24,16,31,24,43,41,38,,27,38,16,28,,15,38,28,16,18,25,23,21,14,20,17,30,29,21,37,13,18,15,29,39
6/8/2021,29,10,30,,22,19,21,23,25,22,20,9,29,20,,26,,19,25,27,36,30,15,37,33,36,28,12,29,23,23,24,25,20,16,18,23,12,14,16,45,11,18,11,31,27,15,25,23,37,40,40,,28,36,17,26,,15,37,27,21,15,22,25,21,8,19,17,29,26,20,41,16,18,16,23,39
6/9/2021,31,11,27,,15,15,24,20,18,14,18,12,29,13,,14,,20,24,28,40,33,16,62,28,32,27,13,19,19,22,22,26,22,12,15,20,12,14,17,41,15,11,9,27,23,16,18,25,25,43,39,,27,27,13,27,,16,37,29,17,13,16,22,18,10,20,18,20,23,17,36,12,14,13,19,39
6/10/2021,25,10,28,,16,16,20,26,24,18,18,12,23,10,,17,,25,23,25,32,25,17,49,30,28,25,10,19,19,20,24,22,16,13,15,22,11,9,15,36,10,15,9,29,27,13,20,18,28,43,42,,30,29,12,25,,14,31,36,21,13,17,20,14,11,24,19,23,27,20,29,16,18,11,23,39
6/11/2021,22,12,39,,18,18,22,31,29,21,19,14,28,13,,15,,27,25,30,34,24,16,60,30,31,23,13,20,23,28,31,26,20,14,15,24,11,30,15,31,14,18,10,27,33,22,19,23,25,54,36,,30,31,17,31,,20,35,36,22,18,21,32,19,11,26,20,25,31,25,34,18,28,19,19,48
6/12/2021,25,19,48,,19,20,33,39,31,18,21,12,33,15,,20,,32,23,42,49,32,21,63,29,32,31,27,26,34,38,35,34,34,20,23,34,15,16,14,38,20,15,10,40,39,33,16,19,23,65,33,,37,28,28,33,,21,40,33,26,14,17,35,,14,30,29,25,39,29,36,25,33,34,21,51
6/13/2021,30,19,45,,19,18,31,36,28,18,18,14,38,18,,20,,33,23,30,42,37,23,86,32,28,21,24,26,36,37,36,36,33,15,25,35,19,15,19,41,29,20,9,40,42,29,19,30,24,61,42,,40,27,27,35,,24,42,33,25,13,20,34,18,14,31,33,27,37,28,35,27,31,30,21,61
6/14/2021,27,14,36,,15,21,28,32,28,18,18,14,35,8,,15,,28,20,25,53,29,32,55,,37,22,21,23,31,28,29,30,28,14,22,32,20,19,18,30,21,11,11,39,29,22,17,24,13,52,37,,36,26,23,32,,21,46,38,19,25,13,27,10,14,30,25,24,28,28,32,19,24,20,18,55
6/15/2021,27,14,34,,16,13,23,26,26,17,23,15,28,13,,15,,24,20,24,41,24,18,61,,30,22,18,15,26,28,24,27,22,11,15,23,13,11,15,27,15,13,8,30,26,,21,21,24,44,34,,29,26,17,28,,16,43,32,17,22,17,22,11,8,21,19,21,28,28,36,13,22,20,18,49
6/16/2021,23,10,32,,16,15,25,19,25,17,19,16,30,14,,17,,26,23,29,36,25,25,63,29,30,20,16,18,23,23,21,27,24,10,16,21,10,11,16,34,16,14,10,36,23,,19,24,24,44,38,,26,27,14,30,,17,41,32,17,18,18,20,19,11,24,18,22,20,17,37,13,17,13,,43
6/17/2021,27,12,31,,16,19,23,27,27,19,16,15,41,13,,17,,30,31,30,32,28,22,45,27,33,26,20,21,27,28,25,25,23,12,18,25,13,12,17,36,19,13,10,37,28,17,19,24,24,49,36,,33,28,16,38,,21,38,38,21,18,18,25,15,11,31,19,25,30,22,41,16,26,18,18,44
6/18/2021,26,16,40,,19,24,26,29,30,16,21,16,39,16,,17,,30,30,32,33,25,20,62,33,38,24,24,19,28,29,27,27,25,13,,26,17,15,27,35,20,14,7,35,29,21,20,25,32,63,37,,32,30,22,29,,27,40,29,19,26,18,38,18,17,26,22,25,32,28,44,15,21,22,21,46
6/19/2021,31,17,40,,27,35,30,29,34,25,25,19,35,20,,20,,34,41,37,32,26,19,58,45,41,19,28,21,26,28,28,25,24,20,19,26,22,15,29,36,20,16,12,35,31,21,25,25,36,45,41,,30,31,22,39,,26,43,24,21,32,25,33,24,18,27,21,27,31,31,46,17,23,19,28,45
6/20/2021,17,19,41,,27,41,32,37,36,25,30,19,32,18,,25,,31,21,37,38,19,22,57,41,47,14,30,23,31,32,29,28,32,22,24,31,33,25,37,39,18,19,17,31,32,22,28,20,25,50,34,,33,29,27,35,,24,46,32,23,36,23,30,23,22,23,26,33,34,28,39,22,26,21,33,41
6/21/2021,20,39,53,,49,77,63,49,51,35,49,22,46,38,,39,,40,25,54,62,17,,90,61,64,18,46,26,48,46,44,44,44,43,39,52,60,46,41,50,18,32,21,45,47,37,52,17,72,61,30,,51,28,44,39,,32,74,43,39,52,50,41,38,38,34,46,51,52,57,41,38,41,35,53,59
6/22/2021,23,42,72,,32,55,38,63,61,30,38,18,51,20,,25,,53,23,62,73,25,,80,49,76,24,46,35,61,61,58,58,54,20,47,67,55,43,60,54,27,17,17,65,61,56,28,18,36,76,41,,65,26,51,49,,45,79,45,45,69,25,60,28,27,46,62,33,64,61,40,48,55,51,31,70
6/23/2021,28,25,51,39,31,41,34,41,47,22,,13,41,21,35,24,40,35,26,45,47,29,28,64,47,59,29,33,27,39,41,39,37,29,22,24,40,25,22,38,43,28,16,12,43,39,34,32,18,36,59,30,37,45,33,30,35,,27,54,37,31,44,27,42,24,20,31,36,31,42,39,35,25,36,32,33,60
6/24/2021,27,18,34,22,21,36,24,30,30,22,,11,28,17,27,22,22,37,39,30,34,30,19,64,35,44,28,23,17,28,29,26,25,24,14,20,25,22,17,26,31,17,13,10,34,29,21,24,32,35,44,38,19,32,28,25,31,,16,46,24,23,27,20,25,19,24,23,21,27,33,28,40,17,21,18,27,43
6/25/2021,24,24,49,20,26,41,32,35,38,18,,10,42,15,32,22,32,36,27,41,38,24,29,61,36,43,26,28,28,37,40,32,36,30,16,22,32,24,20,30,37,24,15,8,45,36,28,23,16,29,56,30,17,40,24,28,36,17,24,57,40,28,25,24,37,22,23,37,31,29,40,38,36,24,33,29,22,46
6/26/2021,23,21,41,22,31,28,29,27,30,20,,10,42,12,35,21,29,31,30,31,37,19,27,65,39,47,19,26,24,31,32,29,34,31,18,20,25,21,13,35,37,23,15,9,45,30,24,28,27,17,49,35,19,36,31,27,38,21,27,48,36,22,38,18,34,19,18,28,25,24,30,27,41,19,26,22,24,41
6/27/2021,26,18,35,14,18,23,27,19,28,21,,10,38,14,27,24,19,29,29,31,29,22,23,52,34,42,17,25,31,26,25,20,25,30,14,17,21,20,11,35,36,20,16,9,36,23,19,18,24,22,41,37,17,25,27,23,35,25,21,47,30,20,23,20,26,16,17,22,21,28,19,26,33,15,18,15,23,35
6/28/2021,24,19,42,10,16,14,25,28,25,19,,8,36,14,17,20,16,27,26,34,27,19,27,76,28,28,16,20,28,28,30,27,28,24,12,18,23,14,13,25,34,17,13,9,36,30,21,19,27,21,49,33,16,34,32,26,29,21,23,36,33,21,15,18,26,13,17,21,23,23,32,18,24,18,21,19,22,39
6/30/2021,23,23,53,11,16,20,32,34,33,20,,9,40,18,18,23,19,38,24,29,39,17,30,59,30,31,20,19,35,34,38,31,35,31,13,18,28,20,15,21,33,20,18,13,36,38,33,23,14,27,64,30,13,40,26,25,35,16,31,42,28,26,15,26,43,16,23,28,27,27,42,24,24,23,30,25,23,51
6/30/2021,22,16,35,17,20,21,30,32,24,18,,9,35,16,22,25,16,30,23,26,40,20,26,40,33,36,17,19,27,30,26,25,27,25,14,17,26,15,13,19,33,16,14,9,34,28,21,22,24,31,52,36,18,31,31,16,35,21,24,36,30,21,23,19,36,20,15,25,23,27,33,17,18,18,21,19,23,47
7/1/2021,,15,36,16,18,17,22,22,26,19,,9,34,14,19,24,16,31,31,28,30,25,25,45,30,36,19,18,30,24,22,22,23,21,13,14,17,15,13,20,35,14,16,9,34,25,16,20,27,20,38,34,18,28,31,17,28,26,20,38,34,22,22,19,27,17,16,25,19,24,22,20,23,16,18,14,21,44
7/2/2021,,14,36,17,17,14,22,26,28,16,,10,34,12,18,20,14,25,25,31,36,23,19,65,28,33,23,17,30,28,28,30,26,21,12,15,25,12,6,26,28,13,14,8,30,31,24,19,26,22,51,37,15,33,27,17,29,24,24,33,28,22,23,18,30,16,12,22,26,22,31,17,22,15,22,19,21,41
7/3/2021,25,14,35,20,21,16,23,26,30,19,,11,31,16,22,19,17,26,32,33,34,24,19,65,30,34,25,22,41,23,26,22,19,20,14,13,,16,9,35,33,16,15,9,24,25,21,20,23,23,44,33,20,25,22,14,30,23,19,40,33,21,29,19,27,17,11,24,18,23,21,25,21,14,17,15,19,42
7/4/2021,23,17,33,26,19,18,31,27,35,17,,11,27,15,27,20,17,,27,34,27,19,22,84,33,39,21,27,32,21,21,18,19,24,15,15,,21,7,37,40,13,13,10,22,23,17,19,22,27,41,32,21,24,24,16,34,18,19,45,29,18,32,22,26,17,18,20,16,22,19,29,17,13,16,11,20,36
7/5/2021,23,14,34,27,17,21,28,27,30,17,,13,31,17,28,21,16,,28,30,26,20,21,81,35,44,21,21,32,24,22,20,20,16,12,16,19,18,11,38,33,11,13,8,31,25,18,20,23,30,42,32,28,27,23,15,32,14,25,46,29,20,32,28,36,23,18,21,17,25,22,29,18,18,16,11,20,41
7/6/2021,21,16,36,14,18,31,38,24,28,19,,10,33,13,24,19,15,28,19,29,39,18,23,50,32,36,22,19,21,24,25,24,21,20,10,16,18,20,10,23,30,18,10,12,27,27,21,23,16,26,44,32,13,27,28,15,26,11,21,36,22,20,16,18,26,19,17,22,19,23,29,28,21,20,19,14,21,44
7/7/2021,25,11,36,18,13,18,31,21,27,15,,10,28,12,18,16,16,26,26,24,33,27,20,64,29,32,25,16,16,25,27,21,23,18,12,14,21,12,9,20,27,12,9,10,29,27,21,28,25,22,46,32,15,27,33,12,28,18,15,33,24,19,17,15,22,18,12,22,17,20,35,17,20,21,22,19,19,
7/8/2021,29,10,42,12,13,16,26,20,19,19,,13,25,12,18,19,10,22,25,24,31,32,20,75,22,26,30,18,11,22,27,21,20,20,11,13,24,12,7,16,31,8,10,10,25,23,21,18,23,25,42,38,9,25,29,13,26,19,16,32,25,18,17,15,26,14,11,24,15,26,29,17,20,17,21,19,18,42
7/9/2021,30,14,37,8,12,13,33,21,24,15,,13,31,10,18,17,12,21,14,14,31,27,27,93,26,28,21,17,14,24,24,21,25,22,11,18,26,15,8,15,28,,14,10,26,23,17,18,24,26,50,32,8,28,26,18,25,12,28,35,26,18,17,13,30,18,14,22,20,19,27,15,19,15,18,14,18,41
7/10/2021,,11,31,9,13,13,26,19,17,17,,15,27,11,21,18,14,24,18,15,18,19,34,104,28,29,16,14,10,25,22,18,23,22,13,20,20,11,11,18,29,5,10,13,26,21,12,22,18,17,47,23,8,25,22,16,25,10,23,34,23,19,17,14,26,17,14,18,20,21,21,23,17,16,15,11,20,34
7/11/2021,,8,30,15,13,10,20,12,18,15,,13,30,13,17,15,15,21,20,13,16,16,26,55,32,30,19,14,13,19,20,15,18,18,9,12,12,9,12,29,25,,9,11,20,19,9,22,25,19,40,23,14,19,25,13,23,13,17,28,22,17,20,14,24,17,11,20,14,18,15,10,20,8,11,10,18,
7/12/2021,22,14,28,13,18,14,30,16,26,17,,13,35,12,23,16,16,31,27,26,26,26,22,66,34,34,22,16,12,22,21,17,22,22,12,13,17,16,17,22,33,,11,10,34,19,11,,31,25,40,35,14,22,35,14,28,21,21,37,29,15,22,18,25,17,8,22,19,21,21,18,24,10,15,12,19,
7/13/2021,28,15,42,11,19,18,30,29,29,18,,14,48,16,25,17,16,35,34,33,40,30,24,73,32,36,25,17,23,29,29,27,27,24,14,17,23,21,12,22,35,14,13,11,42,30,24,24,41,22,53,32,14,31,41,17,31,26,32,41,41,24,17,18,43,13,14,31,22,24,28,30,32,18,23,19,20,
7/14/2021,23,20,39,15,21,22,33,46,30,19,,13,37,14,29,18,18,37,42,31,42,28,45,72,34,36,25,19,23,,30,34,39,32,17,27,35,19,15,16,36,15,13,11,39,36,17,30,27,22,69,37,14,45,32,21,27,22,26,43,33,30,17,21,43,15,12,33,38,26,30,26,35,27,28,17,25,
7/15/2021,30,12,37,14,24,19,29,26,35,18,,14,30,11,27,16,15,29,20,32,35,27,25,70,32,32,33,18,16,28,28,28,26,20,16,18,23,13,10,15,39,10,12,10,38,32,16,30,37,27,44,36,14,30,24,13,26,14,21,43,35,21,15,21,33,17,11,29,24,26,25,22,26,19,20,17,27,
7/16/2021,35,13,41,15,15,17,23,25,25,17,,14,30,12,21,16,18,21,26,27,38,28,26,50,30,36,27,19,14,27,29,26,26,22,13,17,24,11,10,20,34,10,9,8,32,29,20,19,35,25,43,30,14,29,26,18,22,16,16,37,43,23,14,19,33,17,11,22,23,22,35,21,26,18,18,18,20,40
7/17/2021,42,14,33,16,16,17,20,22,24,19,,14,29,16,19,19,17,21,36,25,35,41,26,36,29,35,33,17,12,27,28,29,25,23,15,15,21,11,9,24,28,15,12,9,32,31,19,20,54,24,51,48,17,26,36,16,23,32,15,36,27,21,20,18,25,16,11,25,20,22,32,22,32,17,21,16,19,41
7/18/2021,42,13,29,19,16,16,17,20,22,17,,13,30,10,18,17,17,24,37,26,29,47,19,39,31,28,42,14,14,22,23,19,20,18,12,12,17,10,9,18,29,21,11,12,30,22,14,17,46,23,42,55,15,22,41,12,23,34,15,35,32,18,19,16,19,16,9,21,18,23,31,17,37,13,18,13,17,38
7/19/2021,33,11,25,13,15,15,20,14,22,15,,12,28,,20,14,12,31,38,26,28,45,14,32,29,25,42,21,13,19,19,16,18,19,9,9,14,7,9,15,29,21,12,10,41,19,15,17,49,24,32,55,13,21,39,10,24,33,14,33,27,15,18,14,18,13,8,21,14,23,25,18,35,,13,10,17,35
7/20/2021,38,11,27,10,14,19,25,13,21,19,,11,32,8,18,14,12,25,29,,30,44,18,34,28,28,40,18,15,21,19,17,19,19,10,12,15,11,11,17,28,22,9,9,42,19,18,19,44,15,30,48,11,20,39,11,23,31,17,33,26,15,15,14,18,11,8,25,14,20,17,18,36,13,14,11,19,36
7/21/2021,40,12,29,16,13,22,26,14,24,18,,13,30,8,20,17,13,27,28,25,30,47,17,39,27,30,41,19,17,23,22,18,21,24,11,10,16,17,15,19,30,23,12,10,38,20,19,19,54,20,35,55,15,20,36,15,23,30,19,38,30,16,18,16,21,15,13,25,15,22,17,20,32,13,15,11,17,37
7/22/2021,37,22,45,17,14,27,36,27,31,17,,12,41,8,21,17,17,36,22,34,43,40,28,41,26,39,41,29,30,35,37,31,34,34,9,18,30,26,23,27,42,27,16,9,46,33,34,17,43,21,53,49,19,35,34,24,27,25,31,44,35,24,17,17,34,15,13,39,28,21,32,29,34,23,30,25,17,42
7/23/2021,30,18,37,15,16,22,27,24,33,21,,11,35,9,24,19,16,33,28,38,40,37,29,69,29,33,25,25,20,30,28,23,28,28,13,16,23,18,18,28,40,34,14,11,39,29,28,20,46,19,47,49,16,31,35,20,25,27,23,40,31,21,15,15,29,14,16,33,23,27,26,26,34,18,23,18,21,43
7/24/2021,30,22,43,10,21,18,34,34,23,20,,10,41,10,20,20,13,35,26,31,47,35,36,43,26,26,26,23,28,36,34,30,34,32,15,19,32,28,22,19,39,38,16,10,40,36,33,22,32,17,51,40,9,35,36,27,27,30,28,44,36,25,9,16,33,15,11,41,29,27,36,24,34,22,29,25,20,43
7/25/2021,25,12,31,14,16,19,23,17,17,25,,12,30,12,18,25,16,24,29,25,30,35,21,33,34,25,32,18,17,25,23,21,22,22,13,14,20,13,12,13,30,30,20,13,28,24,19,21,41,24,43,36,13,24,30,17,23,24,20,33,26,20,15,21,21,21,11,28,20,31,22,16,33,15,17,14,24,37
7/26/2021,43,14,33,15,17,20,26,24,30,20,,11,32,9,18,21,17,27,26,31,38,37,25,49,27,31,37,25,19,27,27,24,26,24,12,18,22,17,14,25,37,20,16,9,39,29,21,20,31,19,48,41,17,29,28,24,35,22,20,35,26,19,20,18,26,14,9,27,25,28,28,22,32,19,20,17,21,45
7/27/2021,32,9,30,16,18,30,26,18,25,21,,11,30,10,20,23,17,23,21,26,30,31,19,53,31,34,28,21,17,22,22,19,22,18,14,12,16,13,11,26,32,21,16,9,35,20,21,19,38,25,38,34,18,25,31,14,34,21,19,35,29,19,27,17,22,19,10,25,14,26,24,22,30,11,15,13,19,40
7/28/2021,33,11,30,16,15,19,22,15,24,21,,8,34,9,17,23,15,27,19,26,29,27,18,44,31,32,28,19,18,24,22,19,21,25,12,14,17,13,14,21,32,22,15,9,35,21,18,17,29,27,40,31,17,22,28,18,34,20,17,38,27,17,24,16,19,19,10,26,16,27,22,18,28,10,14,10,19,36
7/29/2021,31,14,32,17,21,29,30,22,33,27,,14,34,13,,27,19,31,18,32,38,29,20,53,35,37,33,21,19,28,25,23,26,25,17,14,21,22,17,25,33,24,17,15,35,26,20,25,30,29,44,34,17,27,32,20,36,17,20,40,32,20,22,22,23,23,14,33,20,35,22,24,26,16,21,16,26,42
7/30/2021,24,20,35,24,22,31,29,24,30,24,,17,32,13,26,27,20,28,15,30,40,20,25,53,35,40,19,24,19,29,28,29,28,25,17,17,22,22,17,27,33,22,17,11,37,32,20,23,32,32,45,27,22,33,28,25,35,15,25,42,29,23,27,23,24,,14,25,24,34,38,24,24,17,24,18,24,43
7/31/2021,21,19,42,18,19,28,26,29,28,23,,14,35,13,27,24,18,31,20,31,47,15,24,56,34,39,18,25,23,31,33,31,30,21,16,20,27,19,13,28,35,31,17,11,35,38,26,21,35,31,54,30,18,37,31,23,36,18,21,39,31,26,21,20,32,,11,30,28,30,38,22,,21,30,24,20,51
8/1/2021,21,18,35,17,19,32,20,24,28,22,,16,36,12,23,24,16,29,17,37,32,17,19,44,34,33,18,24,22,26,30,26,25,25,16,14,23,18,14,29,33,35,16,9,34,29,21,22,37,32,44,27,17,27,31,20,39,21,19,37,30,20,25,20,24,22,12,29,21,33,30,22,27,16,22,20,19,40
8/2/2021,23,19,34,19,19,34,23,24,30,27,,17,38,13,20,29,17,30,17,31,37,19,24,46,40,34,22,24,23,29,27,28,28,24,17,14,21,21,21,28,37,33,18,15,38,30,20,22,31,27,45,31,18,31,29,21,35,18,22,43,28,24,26,27,27,,12,31,25,36,35,26,27,19,24,17,20,39
8/3/2021,21,14,31,20,20,37,23,21,27,24,,18,32,11,24,23,22,27,19,29,35,20,,47,36,35,19,23,19,25,23,22,23,23,17,14,18,17,16,27,32,34,17,12,37,25,19,22,37,18,,32,20,28,28,18,35,21,18,39,20,23,26,20,24,18,13,26,19,31,23,24,26,14,19,15,20,41
8/4/2021,24,21,33,24,21,34,35,22,30,23,,16,28,10,28,26,20,30,21,31,44,22,27,49,35,39,19,22,21,28,30,28,27,27,18,18,22,26,21,27,35,27,15,11,44,27,28,23,37,22,41,28,18,30,32,18,36,21,22,47,29,22,24,20,24,19,16,29,22,29,30,26,27,17,23,18,19,41
8/5/2021,24,18,37,30,26,39,36,24,28,23,,18,35,12,33,22,27,32,22,39,45,24,31,51,39,43,24,26,24,31,30,28,31,27,15,18,24,23,21,30,39,34,17,11,41,28,26,23,39,25,44,29,30,33,38,19,44,21,24,44,32,24,31,20,27,21,13,35,27,27,27,27,29,18,24,22,22,40
8/6/2021,28,15,34,25,23,31,34,25,26,22,,15,33,14,29,23,24,28,30,31,39,29,36,51,38,39,26,24,22,28,25,24,27,26,16,18,23,20,18,32,34,34,19,16,40,25,21,21,41,29,39,42,25,30,35,21,34,26,19,40,26,22,34,20,25,23,13,28,22,27,24,23,28,16,19,15,19,42
8/7/2021,31,17,33,21,21,,30,22,28,24,,16,32,13,27,26,17,29,28,32,35,34,27,66,34,38,28,22,18,27,24,26,25,26,17,18,22,21,15,33,33,27,16,15,38,26,18,22,36,26,40,37,21,28,29,22,34,26,21,44,29,21,28,20,24,23,,25,21,30,25,31,26,18,18,15,19,36
8/8/2021,23,19,41,24,27,,35,28,36,27,,17,32,13,29,29,23,30,26,39,40,26,30,60,39,40,23,26,19,29,31,31,29,24,21,18,24,36,21,33,35,29,20,15,27,31,25,29,39,25,45,30,21,31,26,23,35,21,21,47,29,26,32,29,28,22,16,28,25,35,36,33,27,21,28,23,23,41
8/9/2021,24,20,37,29,27,,41,30,37,26,,16,32,15,31,29,26,34,24,40,38,22,29,53,42,47,19,28,21,30,30,29,30,21,23,18,26,38,16,43,37,30,19,16,36,30,22,25,29,29,44,34,26,34,25,22,37,22,21,44,32,23,41,28,27,24,21,29,23,36,38,32,28,18,26,21,21,42
8/10/2021,19,21,38,41,28,48,48,26,36,32,,14,34,15,41,38,27,32,20,36,39,16,29,64,40,54,17,24,19,29,30,,28,25,20,16,23,28,20,38,37,29,18,18,30,29,23,30,35,33,44,23,26,31,21,21,39,18,21,45,29,24,,24,28,22,26,26,24,40,31,32,26,18,24,22,24,40
8/11/2021,,16,31,25,30,53,50,19,24,30,,14,33,17,52,28,27,27,15,25,38,20,27,59,45,46,15,16,18,24,24,,24,27,17,16,18,26,17,17,33,24,16,16,33,22,14,25,27,23,38,27,20,25,31,19,32,15,20,37,27,18,,21,20,23,28,26,17,33,19,,25,14,13,14,21,37
8/12/2021,26,10,32,10,29,34,38,16,19,32,,14,30,14,40,30,21,22,25,23,22,25,22,41,46,36,18,14,15,22,21,,21,19,19,12,17,20,14,14,29,23,21,14,24,19,12,31,34,28,42,35,21,20,28,17,28,20,17,32,25,16,,26,18,30,17,19,15,35,16,15,26,9,12,12,23,34
8/13/2021,29,12,29,11,19,20,28,16,21,20,,15,29,14,24,22,19,21,22,22,31,28,20,40,32,36,22,16,16,21,20,20,22,21,16,11,16,15,9,17,28,22,14,11,27,19,14,21,31,27,37,34,16,23,28,10,29,21,17,33,24,17,11,18,17,,11,22,14,28,17,20,27,12,12,11,18,37
8/14/2021,25,13,34,8,14,19,28,21,16,17,,16,28,12,18,14,16,22,23,21,36,23,31,65,28,25,18,15,14,25,26,25,26,20,10,13,23,14,10,14,30,22,11,8,28,29,18,18,40,18,43,36,13,26,26,17,30,23,17,35,23,19,13,13,18,20,8,19,20,21,26,12,28,17,17,15,16,39
8/15/2021,29,11,28,12,14,16,28,14,16,16,,17,30,11,17,16,13,21,21,17,27,27,22,41,24,27,22,14,17,21,19,20,19,20,8,11,16,17,12,14,28,20,10,9,26,19,17,16,29,15,35,33,11,18,20,15,29,18,17,34,23,16,12,11,17,,10,24,14,22,15,12,27,11,13,13,14,35
8/16/2021,21,12,27,13,14,20,26,15,18,16,,17,31,10,18,16,13,20,20,23,32,26,31,68,23,28,17,15,12,20,18,19,21,20,11,12,14,15,11,20,26,20,12,8,23,17,10,16,30,17,33,28,10,22,25,14,27,15,15,35,25,17,13,13,17,,10,19,15,22,21,19,25,14,10,9,16,34
8/17/2021,21,16,41,21,14,24,29,31,25,19,,15,40,9,18,19,16,34,23,36,37,25,28,103,28,36,24,18,15,31,31,29,30,23,11,19,27,21,13,31,35,26,14,11,28,32,25,17,28,16,50,30,15,34,24,23,37,15,22,39,28,24,20,14,30,,12,30,25,24,,23,27,23,27,21,17,42
8/18/2021,20,,36,20,19,39,34,29,32,20,,17,42,9,27,19,19,39,25,37,32,24,27,126,33,40,22,24,26,30,27,26,28,19,,15,23,31,15,29,37,27,12,8,37,29,20,19,33,21,45,34,21,33,25,17,38,15,29,45,29,24,25,15,28,,14,34,20,26,27,36,29,21,21,18,17,40
8/19/2021,,18,40,23,17,39,34,29,29,21,,16,41,9,31,21,22,46,30,46,39,24,30,83,27,43,25,25,25,31,29,28,31,25,17,20,24,33,17,20,42,27,12,8,38,29,22,20,27,24,46,33,21,33,25,19,41,16,28,49,35,22,24,15,30,,18,33,25,28,27,35,32,23,23,19,19,40
8/20/2021,,20,44,18,15,40,35,35,34,20,,17,40,10,22,19,21,45,27,40,50,20,48,116,30,42,26,21,21,34,33,30,38,31,17,23,29,43,20,31,38,27,12,8,36,35,26,18,30,22,56,29,18,40,25,34,38,16,28,65,35,28,20,15,32,,19,35,29,27,34,35,27,25,27,23,17,44
8/21/2021,21,16,37,20,22,46,40,26,34,27,,18,34,12,30,23,23,33,23,29,40,21,33,86,32,43,19,17,13,30,28,23,29,33,15,20,27,38,26,22,32,25,17,10,36,26,19,28,28,25,52,33,19,29,24,32,28,15,27,53,31,22,25,19,28,,21,27,24,30,20,34,26,20,20,14,21,39
8/22/2021,20,19,33,27,28,41,36,23,27,20,,14,32,12,42,20,26,27,22,23,33,18,30,67,35,47,17,16,16,26,26,24,27,26,17,19,23,28,13,28,30,27,15,9,27,25,17,23,29,25,43,26,26,28,22,17,29,17,23,44,31,25,28,19,23,,15,24,19,26,25,,25,16,19,17,21,37
8/23/2021,24,15,31,31,24,43,36,20,28,20,,13,32,13,25,21,28,24,21,29,36,18,20,65,39,45,24,17,15,24,24,24,23,19,14,15,19,20,13,25,32,26,13,7,,22,17,18,25,27,37,31,28,26,22,14,28,17,20,38,28,19,22,19,23,,11,24,15,30,27,,25,17,19,14,20,36
8/24/2021,21,15,34,22,21,38,40,22,29,19,,13,32,,24,18,20,26,18,32,31,17,19,62,28,40,27,16,15,22,24,22,22,18,13,15,16,17,9,21,30,25,12,10,,22,16,19,23,21,37,29,17,24,20,15,27,13,18,38,22,19,25,13,21,,12,27,15,27,30,20,,15,19,14,20,39
8/25/2021,21,13,38,12,14,27,31,25,21,17,,14,27,13,18,17,14,23,17,16,38,18,34,77,27,36,20,12,12,27,26,27,30,18,11,15,23,14,9,18,25,19,12,8,,30,17,,28,22,45,30,17,31,24,12,28,16,18,33,19,19,17,17,22,,12,19,20,21,28,17,,18,19,16,18,44
8/26/2021,21,10,32,13,15,15,27,19,20,17,,12,24,14,19,18,14,19,19,16,34,18,27,51,27,28,17,10,12,21,22,19,21,16,11,14,,13,9,12,24,16,13,8,,22,14,,25,28,41,27,17,25,24,12,25,14,17,31,21,17,14,16,20,,12,22,14,23,22,12,25,15,15,11,17,40
8/27/2021,23,14,38,9,17,17,22,22,16,17,,11,25,13,19,18,12,18,24,14,35,22,25,77,31,27,21,10,10,25,27,26,27,19,11,17,17,10,10,14,24,15,12,9,,30,14,21,36,19,49,36,8,31,30,15,22,20,15,29,21,18,15,16,19,,13,18,21,24,28,11,28,17,16,14,18,37
8/28/2021,29,13,34,10,15,16,25,18,17,18,,10,31,9,18,19,14,21,28,17,29,28,29,55,28,29,27,15,13,23,24,21,24,21,13,14,14,17,10,18,24,18,13,9,,24,15,19,35,18,48,41,10,24,32,16,24,23,16,30,23,16,13,16,19,,10,25,17,22,26,10,30,14,18,17,17,40
8/29/2021,26,12,25,11,16,15,23,13,22,16,,13,27,10,16,16,13,20,26,19,,27,24,57,27,26,23,16,10,18,17,18,18,22,11,12,12,16,13,16,26,22,12,8,,17,9,15,37,20,37,37,11,17,29,15,24,22,16,30,27,14,14,17,18,17,10,17,14,22,13,13,30,10,10,8,16,32
8/30/2021,20,12,31,12,15,18,34,34,26,20,,14,32,12,18,20,14,24,21,28,,23,,107,31,30,25,17,12,31,25,24,28,19,11,22,27,23,20,20,30,23,11,9,,26,12,,33,24,53,34,12,31,28,23,27,20,25,38,24,20,15,16,26,16,16,22,22,26,21,28,28,21,14,14,19,37
8/31/2021,,18,38,13,16,23,27,35,26,20,,9,29,,22,19,14,27,23,30,40,19,,104,27,31,21,19,12,33,32,23,29,19,11,27,29,32,17,15,35,26,12,9,,25,21,20,31,22,58,29,9,33,22,26,,14,21,46,27,26,17,19,26,16,15,23,27,26,33,32,29,28,23,19,18,40
9/1/2021,24,16,43,8,14,19,25,33,22,23,,8,29,16,19,23,17,28,26,26,36,26,,101,28,29,26,18,12,31,36,31,35,21,11,24,22,16,9,19,31,23,11,10,27,34,23,19,27,22,54,36,8,39,22,18,,19,22,43,28,29,15,17,28,13,12,18,24,29,39,28,27,23,28,19,18,43
9/2/2021,22,16,37,11,19,20,28,25,26,26,,14,32,14,21,23,15,25,20,,30,22,,82,26,36,,18,15,26,31,26,30,19,12,16,20,21,11,21,32,22,14,11,24,27,20,24,28,22,52,35,9,31,23,19,27,13,20,38,28,21,12,16,26,13,15,23,17,29,35,27,26,17,23,17,20,45
9/3/2021,21,12,33,12,18,16,,26,27,21,,15,23,16,20,23,20,25,21,27,34,23,,58,28,32,,20,13,22,24,22,22,17,15,15,18,8,8,16,26,19,16,9,25,24,14,18,27,27,41,42,15,26,30,12,28,20,18,33,22,16,12,17,24,11,9,22,17,29,27,24,29,13,19,14,19,36
9/4/2021,25,12,34,11,13,14,,24,25,18,,15,28,15,16,16,18,25,32,31,36,34,,55,27,26,,21,14,25,28,23,24,18,10,17,21,11,11,18,32,25,12,10,29,26,17,15,40,23,43,46,15,31,27,16,26,24,17,37,25,18,13,13,23,11,9,23,17,21,31,24,30,17,18,16,16,38
9/5/2021,27,13,35,10,15,14,,25,39,20,,18,30,13,15,17,18,23,32,23,35,34,,45,28,25,32,17,17,28,31,29,27,22,11,19,23,10,8,15,31,23,11,9,19,31,16,16,31,26,49,45,10,32,29,16,25,25,17,39,27,21,14,16,23,13,12,28,23,21,27,16,32,18,23,19,17,47
9/6/2021,29,20,39,13,18,23,25,40,32,17,,18,29,10,23,18,19,32,32,34,33,34,,136,32,27,39,21,22,31,32,30,27,22,11,24,30,16,13,19,36,25,12,8,30,33,22,21,43,22,56,46,11,37,30,22,30,25,23,41,24,20,16,15,37,14,17,26,24,24,29,23,33,23,28,21,16,45
9/7/2021,30,,45,17,18,21,22,42,26,17,,16,29,13,21,16,16,30,29,36,34,31,23,80,29,35,34,22,18,31,34,31,25,18,11,22,28,20,11,19,34,25,13,9,27,34,24,21,34,21,59,41,17,38,29,21,26,25,21,35,23,23,24,16,37,15,15,26,30,25,41,23,32,24,28,20,17,42
9/8/2021,25,13,37,17,15,23,37,31,20,,,15,23,16,21,19,16,28,22,26,24,24,20,71,29,35,26,16,13,25,30,24,23,16,15,14,19,10,11,20,27,21,12,10,25,25,19,21,18,20,47,36,17,27,25,15,26,18,22,,22,18,17,21,26,18,15,19,17,23,30,19,29,13,22,16,18,37
9/9/2021,18,12,37,11,9,8,29,24,19,17,,16,34,13,14,19,10,28,14,28,44,16,39,85,26,27,13,18,19,28,30,24,29,20,10,22,23,18,11,15,30,21,11,11,31,28,15,19,19,25,47,25,9,33,29,17,29,12,25,,23,19,17,14,21,13,17,23,23,23,16,15,24,18,19,17,16,38
9/10/2021,20,14,32,16,13,12,20,19,19,14,,17,29,10,,13,10,24,20,27,40,21,34,63,24,27,18,17,15,22,27,21,27,25,9,19,17,17,13,17,27,22,11,9,24,25,15,16,27,20,44,37,11,31,28,22,23,19,18,,22,19,21,13,19,16,16,23,18,19,25,13,27,18,15,17,15,37
9/11/2021,26,14,32,17,14,13,25,34,25,14,,16,26,18,,18,12,26,23,34,35,27,30,52,30,,25,23,10,25,28,27,22,17,11,17,25,15,12,21,28,24,12,8,22,32,14,14,28,30,43,34,13,30,29,19,25,19,16,,23,19,22,15,28,14,12,26,20,24,33,20,28,19,25,17,14,40
9/12/2021,25,15,42,19,19,27,28,36,23,18,,15,28,16,,17,13,33,24,42,36,23,26,81,31,30,17,30,15,26,31,26,22,22,16,16,21,15,14,23,34,25,17,7,32,29,24,16,21,29,,33,15,28,25,19,32,13,22,,26,17,25,16,31,14,15,27,19,23,32,28,27,19,26,20,16,37
9/13/2021,20,20,40,13,20,30,26,32,25,19,,17,29,19,,22,16,40,23,46,35,20,27,108,35,33,12,32,19,29,29,26,23,23,15,19,23,15,17,20,37,34,13,8,33,30,21,19,27,26,43,27,19,32,33,20,35,25,23,,24,20,22,19,31,16,15,27,20,24,34,24,28,24,24,16,18,37
9/14/2021,22,15,41,11,17,18,27,39,18,18,,15,28,16,21,21,10,34,24,44,40,23,31,140,32,,21,23,16,30,31,28,27,18,14,21,25,21,15,24,38,21,14,13,28,32,25,21,38,26,47,42,11,35,29,19,31,20,19,,27,22,16,15,35,17,17,32,24,24,32,34,31,24,28,20,19,40
9/15/2021,23,13,34,13,18,15,35,25,23,23,,16,31,15,20,21,11,22,28,32,41,27,28,108,32,,25,20,15,23,29,25,27,22,11,16,19,15,14,24,28,20,12,14,21,26,19,17,29,24,47,34,14,30,31,20,26,15,17,,23,20,16,20,20,12,16,26,20,23,27,25,28,17,21,18,18,47
9/16/2021,26,14,33,11,16,11,29,16,18,,,17,30,11,19,17,12,25,36,28,33,21,36,100,35,,26,14,12,22,25,21,23,25,12,16,17,16,16,22,28,20,12,11,30,22,17,21,38,20,40,40,13,24,29,18,23,20,20,34,22,17,18,16,25,18,11,20,16,21,21,14,32,14,14,12,17,36
9/17/2021,24,18,34,16,15,17,29,25,21,,,16,32,12,20,15,12,29,38,39,50,29,36,86,30,,25,16,15,27,26,22,28,23,11,16,22,18,17,26,30,26,10,8,31,27,17,16,34,18,51,41,12,31,28,19,26,25,20,41,24,18,16,13,29,19,15,23,20,21,24,19,33,18,17,14,15,42
9/18/2021,25,14,41,16,25,24,43,37,22,,,16,41,12,24,18,14,37,30,37,41,26,41,142,33,,21,16,19,36,35,30,36,27,15,29,32,30,19,28,33,26,,9,36,32,27,19,37,20,56,41,16,39,29,37,29,18,30,44,33,26,17,16,41,17,18,31,31,23,29,43,35,31,25,23,19,39
9/19/2021,22,11,41,20,25,21,28,39,36,20,,17,40,13,25,21,13,32,22,43,31,20,,111,28,,18,16,22,28,31,28,27,17,14,25,26,22,12,21,37,25,14,9,31,28,23,21,25,26,48,32,16,30,21,21,32,15,26,43,28,24,19,22,39,15,19,28,22,26,31,40,28,23,25,18,19,37
9/20/2021,19,11,40,15,22,24,32,33,32,20,,17,40,14,23,18,15,,21,41,39,20,,103,30,,16,17,22,26,33,31,25,22,17,14,24,16,12,14,38,25,15,10,29,36,25,24,32,25,51,25,13,36,21,23,29,12,25,40,29,20,20,18,32,19,18,28,23,27,30,34,26,20,30,20,19,41
9/21/2021,21,7,34,11,17,16,16,20,22,19,,16,30,12,19,18,12,,17,29,28,19,24,73,32,,17,15,12,25,23,22,21,14,14,,19,10,8,18,29,21,12,10,27,22,17,21,22,21,41,32,10,30,24,11,22,20,25,32,19,20,14,19,30,20,13,20,18,24,21,15,27,15,15,12,16,39
9/22/2021,23,8,29,9,15,12,22,14,19,15,,17,27,10,19,17,9,22,21,26,23,25,31,79,23,,18,12,12,19,24,22,20,21,10,11,15,12,10,18,28,19,12,10,29,21,17,19,38,25,37,32,7,26,29,14,23,17,17,33,21,14,15,12,21,18,14,20,14,21,19,20,26,12,12,11,16,33
9/23/2021,22,7,33,13,18,13,23,21,22,15,,18,28,11,19,16,10,23,29,33,34,30,34,64,23,,21,15,11,26,24,23,23,18,10,13,20,9,10,18,31,23,13,11,32,27,19,19,34,21,49,40,11,30,32,14,25,20,19,32,23,20,18,14,22,16,17,22,20,23,27,15,31,19,18,13,15,37
9/24/2021,30,6,41,11,18,11,15,36,24,16,,13,29,12,20,18,13,30,34,35,30,33,18,55,27,,30,17,14,25,30,26,19,22,13,13,22,9,12,11,27,24,12,10,25,28,24,19,41,20,49,43,15,27,30,17,23,22,18,28,22,16,15,16,35,20,11,23,17,24,34,17,33,16,24,19,17,35
9/25/2021,28,7,39,7,15,13,11,29,14,19,,15,29,13,19,20,9,22,37,31,36,32,21,31,27,,28,12,12,25,31,27,23,21,12,12,21,10,12,11,31,18,13,10,25,32,20,22,28,24,46,35,7,27,24,15,22,23,16,28,18,20,13,18,28,17,13,22,19,25,34,14,28,15,26,19,16,43
9/26/2021,21,5,31,7,15,8,17,15,13,13,,15,26,9,17,14,9,17,20,24,26,20,30,39,22,,12,10,9,21,21,23,21,15,11,10,15,9,10,15,25,18,9,8,16,23,12,,28,21,43,25,9,22,20,11,22,14,17,28,17,14,14,11,20,,9,16,15,,19,10,24,12,14,11,14,30
9/27/2021,18,7,41,12,18,12,27,29,23,16,,13,36,12,25,15,,32,18,27,27,18,23,92,25,31,11,14,18,27,30,26,28,21,10,17,23,19,16,21,31,22,10,11,26,28,18,16,25,20,44,28,15,31,21,29,27,16,28,34,27,18,16,16,31,,16,24,27,20,32,31,30,23,22,17,15,39
9/28/2021,18,17,55,21,15,21,22,50,27,19,,14,44,13,25,18,,37,24,34,43,20,35,114,29,34,10,21,18,36,41,35,31,35,10,25,29,16,21,29,31,25,12,10,37,38,32,21,29,21,61,23,14,41,26,37,30,17,32,,37,26,23,15,40,19,17,38,30,26,59,37,30,33,34,29,18,46
9/29/2021,,16,72,24,19,28,30,67,25,22,,11,46,18,28,24,,37,22,46,77,20,37,124,29,36,16,21,24,48,65,61,49,48,17,38,48,19,26,29,43,23,14,12,45,66,53,26,23,21,86,34,23,61,24,52,35,13,42,,39,39,27,18,49,16,21,40,46,29,78,35,27,40,53,43,20,73
9/30/2021,,18,43,23,21,26,40,44,30,26,,9,43,18,30,26,,36,24,42,54,19,44,96,29,48,20,25,22,39,39,36,40,39,14,26,36,21,33,37,39,29,18,11,38,40,27,25,30,21,67,31,29,46,22,39,38,15,37,,38,32,24,20,34,16,25,42,37,31,34,30,29,30,29,26,23,54
10/1/2021,,11,33,24,21,24,40,28,32,21,,10,38,15,26,20,,36,24,39,40,21,42,91,30,39,14,20,19,26,28,23,29,29,16,24,27,23,30,,33,27,17,9,36,25,,28,28,26,47,30,23,34,23,22,30,18,32,,31,21,26,20,31,18,21,30,24,29,16,26,28,24,18,13,24,39
10/2/2021,24,13,32,21,21,24,27,28,30,19,,11,30,16,26,21,,28,25,39,34,27,30,70,28,38,17,17,12,26,29,26,26,27,12,19,23,19,14,,33,23,14,9,34,26,,25,40,20,48,34,21,28,25,22,28,21,21,39,22,20,22,19,21,17,15,22,19,25,27,24,30,17,18,14,20,40
10/3/2021,26,15,48,17,23,20,24,45,29,19,,,37,13,24,18,,35,24,36,33,29,25,95,26,34,19,20,18,36,35,33,29,24,11,18,32,19,13,30,35,25,13,10,32,34,24,21,34,19,65,39,18,39,24,26,30,22,28,37,26,29,23,18,,15,15,26,30,25,30,25,30,23,29,21,18,40
10/4/2021,29,22,51,25,27,27,30,53,31,21,,14,48,16,23,21,,32,23,40,42,27,32,104,29,42,27,23,26,33,39,38,29,28,16,28,27,22,18,26,35,23,13,12,37,41,26,26,36,29,66,35,23,43,21,28,34,18,28,42,34,24,22,23,,17,20,35,28,28,49,36,29,30,28,21,23,46
10/5/2021,21,30,57,18,20,36,26,73,31,26,,17,54,19,26,22,,46,28,42,54,17,39,107,33,43,13,22,34,41,48,42,34,41,17,28,36,22,27,16,38,29,15,16,,48,39,26,25,26,72,35,24,50,23,40,33,17,34,44,38,30,21,23,,19,25,54,36,30,57,39,31,33,38,31,21,54
10/6/2021,21,14,44,12,22,26,25,38,21,25,,16,43,19,26,22,,40,23,31,26,16,20,78,29,34,13,11,21,27,31,27,,19,20,20,21,11,13,18,32,21,17,16,,30,21,30,32,27,54,30,15,33,23,16,31,15,28,32,25,18,21,25,33,20,23,31,19,29,36,25,25,17,25,18,24,44
10/7/2021,18,18,53,31,19,28,20,,30,24,,13,40,20,26,22,,33,19,37,44,17,29,100,31,43,14,20,21,37,43,37,33,24,15,25,31,16,15,28,40,25,,13,33,44,31,27,27,27,59,26,28,49,27,22,28,15,25,36,27,30,32,19,38,24,19,32,31,29,52,34,27,29,41,26,25,51
10/8/2021,23,23,56,39,27,33,26,,38,29,,12,45,22,33,25,,42,17,46,60,21,55,124,43,47,20,29,20,47,63,56,49,35,20,32,46,31,16,33,41,27,,13,35,65,42,32,40,33,82,25,32,58,26,30,32,21,30,47,29,43,39,31,35,27,20,29,48,34,40,42,26,43,50,44,26,78
10/9/2021,25,19,30,30,32,36,40,30,39,29,,12,27,29,39,35,,26,16,35,45,,41,90,41,47,27,17,12,26,25,26,24,30,23,,21,20,15,30,28,18,22,15,25,30,14,31,33,39,49,33,29,32,27,22,25,18,16,40,17,19,45,34,24,26,23,25,20,36,30,28,28,18,18,14,29,44
10/10/2021,22,11,25,22,29,36,32,,28,28,,12,27,26,35,32,,23,20,34,34,29,26,53,34,47,28,16,12,24,23,27,22,21,22,,21,9,12,19,17,26,21,19,27,27,10,29,36,31,43,31,24,28,30,15,25,21,16,32,16,20,26,28,16,22,24,24,20,36,20,22,31,18,13,13,33,42
10/11/2021,23,10,26,12,18,28,23,,23,20,,12,29,13,21,19,,24,22,32,37,37,24,62,25,37,29,17,14,24,22,21,22,23,13,20,21,10,12,23,,25,13,15,31,23,12,20,27,22,32,39,12,32,36,14,27,19,19,32,19,19,13,18,18,20,21,25,20,25,19,18,29,16,14,10,23,38
10/12/2021,25,,26,16,15,19,19,21,27,18,,11,27,10,16,15,,21,22,36,36,43,30,88,25,34,36,17,13,24,22,22,20,23,9,21,19,11,12,19,,17,10,16,30,25,14,17,40,16,41,38,17,30,33,16,26,24,18,35,17,17,17,16,25,18,17,25,17,21,21,18,28,17,16,12,15,39
10/13/2021,24,,25,18,22,25,19,21,22,25,,10,28,17,,19,,21,23,32,29,38,24,61,28,36,32,18,12,22,18,21,16,19,14,20,18,12,11,35,32,16,14,18,23,21,9,23,35,24,28,36,24,22,36,12,25,22,17,32,17,18,21,20,,19,18,24,14,24,16,18,30,13,15,8,18,32
10/14/2021,28,,31,8,23,26,24,25,21,27,,10,28,20,,24,,21,22,29,35,40,20,55,31,31,38,19,13,23,27,27,22,26,15,20,19,12,11,25,30,24,16,18,30,31,15,26,47,39,39,36,13,32,39,15,26,37,18,29,16,19,9,26,,19,18,26,20,30,26,19,30,20,18,13,23,40
10/15/2021,32,15,36,9,14,20,17,32,15,18,,10,30,13,22,16,,24,27,22,36,44,21,39,31,25,35,11,18,28,30,27,23,26,10,21,23,8,12,13,33,22,11,15,34,30,21,20,37,23,46,45,7,33,41,,27,40,19,30,20,20,12,15,25,17,15,28,20,21,39,14,34,21,21,17,18,53
10/16/2021,30,16,42,13,14,13,24,28,16,15,,9,41,8,20,11,,27,30,31,40,33,41,67,28,26,21,,21,30,32,30,31,26,10,22,25,18,19,11,31,26,10,11,33,32,22,18,44,14,48,38,9,36,34,23,31,29,23,34,24,23,11,15,33,14,9,33,27,16,30,25,33,21,24,20,14,56
10/17/2021,22,11,30,7,19,18,15,22,16,18,,10,28,12,23,13,,17,21,21,19,26,21,76,28,32,22,10,12,20,20,21,16,16,13,20,14,11,8,9,24,20,11,9,13,20,11,20,30,22,37,26,9,19,29,12,21,23,16,,12,16,10,18,22,16,10,22,12,18,26,22,31,13,12,10,16,32
10/18/2021,24,13,39,8,22,19,12,41,15,24,,11,29,15,21,15,,20,21,24,22,28,14,62,30,34,18,12,14,27,30,23,20,20,12,21,20,9,9,17,30,17,13,14,19,28,17,22,43,22,48,33,12,29,31,15,25,19,17,,19,19,15,17,30,16,13,23,17,25,32,18,,20,18,14,18,35
10/19/2021,26,25,54,15,21,18,20,67,28,24,,,37,16,18,18,,37,18,35,38,28,,120,34,35,18,24,20,42,43,,31,32,13,29,37,16,19,17,35,22,13,14,35,45,33,22,25,25,78,24,12,48,25,30,35,14,30,37,29,27,16,19,50,15,12,33,34,23,60,36,,33,38,25,20,62
10/20/2021,,29,68,16,22,30,34,69,31,22,,14,64,14,25,21,17,47,24,48,46,26,34,111,35,47,13,24,40,47,50,46,37,44,14,29,44,21,27,16,59,29,,15,57,49,39,23,28,21,84,33,22,55,22,36,43,16,49,41,51,30,21,21,66,15,19,56,35,27,57,40,,33,45,32,17,83
10/21/2021,17,30,57,20,24,35,42,52,28,19,,12,56,15,30,21,15,51,32,39,66,26,43,111,33,43,17,21,29,47,50,50,42,45,16,28,46,32,28,17,49,25,,15,48,50,42,25,22,23,78,32,24,58,21,38,38,15,42,42,33,36,19,21,52,14,23,51,38,25,39,31,,35,39,36,20,75
10/22/2021,20,13,54,11,17,18,31,39,24,18,,13,42,12,21,16,11,29,25,35,45,27,35,110,29,33,18,17,19,37,45,37,34,26,12,26,32,28,16,15,38,21,,16,31,40,28,21,29,24,61,36,9,43,23,25,29,16,31,44,27,27,12,15,42,16,15,32,31,24,39,45,,26,33,26,,64
10/23/2021,21,11,46,11,18,15,24,37,18,17,,13,35,10,18,16,13,20,23,29,32,20,36,63,29,32,17,15,17,30,32,31,26,24,12,24,25,18,15,11,28,22,12,12,25,31,19,22,28,18,53,42,12,30,27,26,27,19,21,38,20,21,16,12,34,17,16,25,24,,40,28,,21,23,18,,43
10/24/2021,18,16,42,17,22,24,23,39,23,18,,14,36,11,22,16,18,22,24,32,32,27,33,60,26,34,13,16,16,28,32,33,24,39,13,26,23,22,18,14,29,22,13,12,22,31,19,26,28,20,43,32,16,29,28,30,28,17,22,36,21,23,21,18,30,20,,25,24,21,43,39,,30,21,18,,45
10/25/2021,20,17,45,24,22,30,31,43,31,28,,14,37,17,26,22,18,22,25,33,42,30,38,70,34,45,17,21,18,29,36,34,28,44,13,28,25,23,23,28,35,22,14,12,24,36,23,27,29,28,47,39,18,33,23,33,28,19,25,42,22,25,31,24,33,19,,27,28,28,48,40,,37,23,19,,50
10/26/2021,20,24,51,30,23,35,37,55,36,31,,14,,18,28,29,20,36,30,43,54,30,46,100,34,54,16,30,31,39,43,39,36,49,14,33,33,34,28,38,46,33,17,16,36,42,38,26,32,29,60,31,32,42,26,41,31,13,32,48,37,31,34,22,44,17,,33,35,32,68,44,,44,32,27,,80
10/27/2021,20,21,58,37,24,42,39,72,42,33,,14,46,18,34,30,26,37,30,46,48,34,42,109,31,58,15,32,29,43,47,45,35,45,14,34,41,36,30,32,47,38,15,17,39,47,40,30,35,28,60,29,34,49,25,44,33,13,33,56,30,33,41,20,49,17,25,37,38,36,63,47,,42,37,29,,55
10/28/2021,20,16,64,21,24,33,37,67,34,26,,12,45,20,29,23,28,30,39,39,46,28,40,117,33,50,15,18,21,47,51,46,40,45,13,31,43,31,25,18,48,25,14,,27,46,44,29,33,26,64,31,26,50,33,39,30,21,32,52,27,35,22,23,52,24,24,34,46,26,64,35,33,42,41,34,,56
10/29/2021,18,11,47,11,21,16,26,46,28,24,,13,41,24,28,24,16,33,38,43,43,30,31,103,39,38,27,25,21,39,35,32,33,40,19,31,34,21,19,21,44,26,15,,36,36,25,29,37,31,55,25,19,40,33,33,33,18,30,42,27,30,16,27,40,22,17,31,32,30,38,26,24,33,32,21,,59
10/30/2021,19,,63,9,20,17,23,66,25,19,,12,61,20,22,19,15,42,32,41,53,29,40,110,24,41,19,24,32,,47,45,37,50,14,30,45,25,18,14,68,29,16,,44,45,38,25,29,25,76,25,19,47,23,36,40,17,42,48,40,34,17,21,56,16,21,44,40,25,68,35,24,37,41,27,,64
10/31/2021,19,23,44,16,22,22,22,46,29,19,,12,43,17,24,19,18,26,24,34,27,23,24,128,30,38,14,19,23,,34,31,24,33,14,24,29,21,13,18,38,22,18,20,26,30,24,23,28,26,59,26,18,31,26,26,27,14,25,44,29,21,15,21,34,17,20,28,21,26,51,38,20,21,23,20,,51
11/1/2021,21,27,51,12,19,20,27,57,28,16,,11,47,14,25,17,15,31,23,38,43,23,33,127,28,40,16,26,25,,40,35,28,34,12,26,27,22,14,18,44,26,16,17,34,36,,24,24,24,65,25,13,41,23,25,32,17,30,45,31,25,14,20,42,17,17,39,25,23,51,38,23,27,29,24,,57
11/2/2021,19,23,54,14,23,21,24,59,30,20,,12,47,14,27,16,16,37,26,36,48,31,34,131,26,45,21,22,26,,43,36,31,,14,29,35,20,14,21,61,28,16,19,29,40,31,27,31,26,69,33,15,48,24,33,33,14,34,50,30,30,17,18,49,17,24,38,36,21,,35,23,31,33,29,,62
11/3/2021,23,24,58,19,21,29,34,58,32,21,,13,58,14,31,21,19,38,33,36,44,30,32,152,32,51,16,26,27,,41,36,32,,14,26,29,21,16,22,60,27,14,17,41,38,32,23,30,24,67,29,20,43,28,28,37,19,38,43,39,26,22,17,54,17,25,39,32,26,59,35,27,28,31,24,,66
11/4/2021,23,38,60,23,25,38,35,50,40,24,,10,49,14,30,26,21,36,24,42,75,29,41,153,34,51,23,28,27,39,51,46,39,,12,28,34,30,20,29,47,31,16,18,36,51,42,24,26,23,71,24,30,47,27,45,32,20,32,60,36,26,32,19,47,20,35,37,33,31,80,47,24,31,36,36,,88
11/5/2021,20,38,59,26,25,40,36,52,46,25,,8,50,17,41,22,20,38,21,42,69,27,44,144,39,57,20,30,26,38,49,44,43,,15,32,35,37,23,36,51,28,20,15,44,48,39,24,27,21,66,20,39,45,23,47,30,14,36,61,35,27,33,24,45,20,31,43,35,32,69,49,22,35,37,30,,81
11/6/2021,21,31,54,31,30,38,41,64,43,27,,10,50,20,33,27,19,38,25,50,75,23,48,132,37,60,15,23,26,50,47,49,42,,16,46,45,39,30,33,43,27,18,16,38,55,33,26,25,25,81,32,36,54,21,42,31,12,32,62,29,38,38,27,45,19,29,38,43,31,60,37,20,47,36,31,,87
11/7/2021,19,28,52,25,30,42,45,42,33,28,,10,54,18,33,27,22,40,25,38,62,21,32,133,38,66,21,29,30,36,44,44,34,,16,28,28,32,32,30,42,27,19,17,39,46,31,31,28,25,74,23,36,46,24,47,34,13,36,49,37,27,31,25,40,20,28,43,35,31,66,46,19,27,31,28,,76
11/8/2021,19,33,57,18,30,39,33,47,31,30,,,47,21,35,31,23,33,27,40,48,28,40,95,39,49,23,20,24,40,50,38,36,,19,27,36,32,27,26,39,26,18,19,29,41,35,35,28,30,72,27,23,45,23,44,30,13,33,58,25,27,21,33,,22,29,36,36,37,64,43,24,35,35,28,,61
11/9/2021,19,25,51,15,26,39,30,27,25,34,,10,34,25,32,34,17,23,24,33,35,27,31,79,39,44,23,18,16,36,42,32,37,,20,17,31,25,25,23,35,21,18,17,25,35,27,34,27,28,53,23,15,37,25,42,26,12,23,57,18,24,27,27,,20,28,26,31,38,43,41,18,28,27,25,,50
11/10/2021,,34,58,27,26,30,35,,35,36,,9,38,23,33,33,25,29,18,39,40,22,36,89,36,52,12,26,19,44,49,41,39,,20,24,40,30,24,28,36,28,17,16,31,46,40,30,23,30,62,22,27,48,28,30,27,10,29,61,22,31,31,25,43,22,25,,39,32,60,43,14,38,33,29,,63
11/11/2021,,48,63,32,28,40,42,70,41,28,,11,45,21,33,28,28,31,17,41,53,24,47,94,36,59,11,33,24,51,56,49,48,,18,48,45,44,33,29,43,32,17,16,44,55,,,31,30,80,18,31,61,22,44,30,16,33,64,27,38,44,28,48,,26,,50,33,68,48,16,49,38,34,,70
11/12/2021,21,51,65,35,28,39,48,65,45,30,,12,43,19,38,30,31,35,10,47,57,19,55,99,37,60,11,32,23,53,56,51,51,,20,51,,51,35,28,56,28,16,17,34,56,,,21,26,78,19,30,63,25,49,32,12,38,70,27,37,38,25,46,,26,34,51,32,70,56,13,48,40,39,,69
11/13/2021,18,41,63,37,32,44,44,62,40,31,,11,44,22,37,27,29,37,14,45,50,16,45,87,39,63,12,30,22,48,49,45,45,,21,50,,39,33,32,48,31,17,19,31,46,36,,25,38,66,32,37,52,22,45,31,11,35,63,28,35,44,27,43,25,31,35,48,30,68,52,11,44,34,29,,60
11/14/2021,19,50,65,36,40,50,46,67,46,35,,12,44,23,39,33,32,35,22,54,55,22,55,97,48,57,15,39,21,51,53,46,46,,27,,42,46,40,33,44,23,19,19,32,49,40,41,28,32,70,34,35,,28,53,33,18,34,77,27,38,44,31,46,25,33,31,54,35,60,51,16,49,39,32,,65
11/15/2021,22,50,64,34,37,55,55,52,38,37,,10,45,28,40,40,31,39,23,46,65,29,54,104,46,57,16,37,26,51,54,51,50,,24,,49,44,39,26,47,28,24,17,39,51,44,38,32,39,71,36,32,,22,54,33,21,36,75,31,35,46,34,,26,35,36,49,38,76,49,16,50,39,34,,82
11/16/2021,22,39,53,23,30,41,50,38,34,33,,9,45,27,39,33,31,33,19,37,62,24,49,125,40,55,17,21,29,34,40,39,40,62,21,,32,45,41,23,35,23,21,18,30,40,32,34,22,39,54,26,31,36,26,59,35,17,32,66,31,24,31,35,,20,38,38,32,37,67,43,15,42,23,25,,73
11/17/2021,17,28,49,19,34,34,44,35,36,34,,9,39,23,35,33,23,26,13,38,38,19,31,119,35,47,18,22,24,30,37,30,34,50,17,,26,43,32,24,34,22,16,18,23,29,27,35,27,33,45,18,21,33,22,41,26,16,25,59,25,21,28,29,36,19,37,31,26,38,49,50,12,32,19,19,,51
11/18/2021,18,32,50,17,26,39,39,37,31,30,,9,42,25,35,35,20,27,16,49,58,17,39,98,39,48,14,22,21,33,39,34,36,50,20,,30,43,34,21,39,23,18,18,26,34,27,33,23,36,54,24,22,36,19,53,27,12,28,59,24,24,20,34,42,19,37,34,31,39,71,36,12,40,25,25,,69
11/19/2021,20,30,55,19,31,50,39,37,31,30,,9,41,24,38,40,21,32,22,40,81,19,47,97,41,49,17,27,23,36,37,52,38,52,17,,33,46,32,26,47,26,20,17,38,58,27,27,25,28,66,29,27,42,23,52,32,12,25,62,25,28,42,30,37,20,38,36,34,44,61,49,15,37,28,26,,87
11/20/2021,18,25,,30,29,48,50,56,45,34,,8,49,20,38,34,24,44,25,43,79,20,47,144,38,69,18,28,25,41,44,50,39,47,22,,38,36,33,36,78,27,20,17,37,53,30,31,27,22,75,29,44,52,21,42,39,13,41,68,38,35,48,27,48,19,34,41,46,35,50,41,20,39,37,30,,88
11/21/2021,18,23,,29,30,47,44,67,45,29,,7,47,20,35,21,29,51,27,43,64,23,61,126,35,77,23,27,22,44,44,42,40,44,22,,44,49,31,32,65,32,19,16,41,46,27,30,26,25,68,34,38,48,28,49,36,16,40,74,29,33,37,29,45,24,38,43,40,28,45,46,23,41,39,26,,83
11/22/2021,21,16,,19,39,58,39,47,42,29,,8,50,24,44,30,31,45,28,43,63,29,36,150,45,59,20,28,26,44,54,48,49,44,28,,38,54,31,29,56,34,20,18,46,52,38,34,34,33,76,27,29,49,29,,38,15,41,58,33,33,21,35,50,24,38,42,40,36,65,64,20,40,36,35,,84
11/23/2021,20,16,,12,29,39,30,38,27,35,,17,41,29,38,34,22,26,21,33,38,21,27,118,40,39,30,19,22,33,38,32,39,42,29,,28,34,29,22,38,24,18,19,22,32,29,33,29,39,58,24,13,34,24,32,28,17,23,58,,20,16,34,36,27,32,31,30,36,48,40,15,29,28,23,,55
11/24/2021,18,18,,17,27,41,27,53,28,28,,23,37,25,37,25,21,27,28,35,47,19,39,85,37,46,20,21,20,37,37,33,36,45,28,,33,30,22,23,35,26,23,23,25,37,28,31,28,33,58,19,20,36,24,30,25,10,23,61,22,26,31,28,39,24,30,27,30,30,61,36,17,39,27,22,,47
11/25/2021,19,24,66,29,33,46,34,80,34,34,,25,41,22,32,31,32,36,17,37,53,20,44,92,34,52,15,29,20,51,53,46,45,48,28,,46,44,30,31,43,26,15,17,32,53,43,34,31,28,87,21,27,58,18,40,32,11,37,66,25,37,48,29,45,23,32,30,43,34,67,48,16,48,42,32,,68
11/26/2021,19,25,70,32,37,50,45,83,38,35,,23,40,15,36,35,32,42,16,52,61,22,51,111,34,52,19,32,24,53,55,49,51,51,23,,50,52,33,39,46,34,19,18,38,55,48,34,29,24,100,21,28,58,21,57,33,12,34,67,31,39,40,29,50,21,32,37,47,38,79,57,15,51,45,37,,75
11/27/2021,21,30,63,39,30,47,39,68,46,26,,24,44,14,40,25,32,45,21,58,58,32,53,99,29,59,24,40,26,48,53,47,48,58,26,,45,47,31,49,52,40,18,19,43,50,45,30,30,22,70,25,33,52,30,57,33,18,39,77,34,36,64,22,50,17,38,37,45,30,70,56,24,48,38,31,,62
11/28/2021,21,,71,39,28,49,47,69,49,25,,24,52,17,32,19,43,48,36,66,55,24,51,78,32,75,21,46,35,54,59,49,48,54,31,,54,48,26,43,54,45,15,17,50,56,46,29,32,23,71,21,43,58,49,53,39,23,43,78,40,40,56,26,59,22,35,45,47,25,65,60,40,49,50,37,,65
11/29/2021,20,,66,44,33,67,52,72,46,30,,18,52,20,37,29,43,42,19,57,57,19,48,102,47,72,17,37,35,49,54,47,48,58,31,,48,60,29,48,52,35,19,21,44,51,46,35,32,27,63,20,35,56,39,53,35,17,39,79,36,36,54,31,56,28,40,43,44,33,66,49,29,47,45,33,,62
11/30/2021,19,59,74,57,38,46,54,71,54,30,,21,46,20,40,25,58,42,12,66,57,24,53,103,40,78,25,47,29,55,60,49,54,61,39,,56,58,27,83,54,35,20,19,45,53,53,39,33,27,71,24,50,57,19,50,34,14,45,76,30,40,67,32,59,27,41,37,51,29,71,64,11,51,53,39,,64
12/1/2021,21,69,80,43,45,61,57,64,56,31,,31,60,24,45,30,57,55,19,68,69,23,62,98,49,80,28,51,42,59,66,55,68,79,35,,58,60,36,54,61,39,21,18,53,61,62,39,28,33,75,24,50,61,22,62,39,11,54,85,42,45,59,39,65,33,46,48,57,33,81,71,13,60,58,45,,76
12/2/2021,18,70,71,39,44,70,60,69,49,36,,44,55,28,47,32,55,51,,64,77,17,64,101,52,73,17,45,37,57,61,58,61,75,44,,55,60,38,43,57,43,25,22,49,64,55,44,28,36,80,23,49,63,24,61,38,11,46,83,35,46,55,44,58,36,55,46,56,38,90,61,15,59,53,42,,76
12/3/2021,20,69,76,48,43,67,65,71,49,37,,51,48,35,52,31,58,45,35,59,78,28,62,110,51,72,24,49,31,60,62,58,63,65,38,,58,59,37,51,55,36,25,22,47,64,54,45,37,40,85,31,51,64,35,68,35,19,45,85,33,47,60,43,55,35,53,41,67,37,89,62,27,63,53,40,,78
12/4/2021,26,84,79,48,50,79,61,76,59,39,,59,60,32,52,34,54,56,33,66,82,30,66,127,52,83,29,47,38,60,64,57,65,70,37,,59,58,35,55,60,40,26,23,51,64,55,46,38,36,88,32,65,61,36,81,41,19,50,95,42,47,71,37,61,34,48,51,48,39,93,69,35,64,56,43,,80
12/5/2021,27,88,85,46,45,82,69,89,63,42,,60,68,29,48,35,65,56,41,67,76,40,67,95,51,80,34,53,47,67,67,62,60,72,43,,68,72,38,50,69,47,28,24,60,65,57,45,35,39,82,34,76,64,,87,44,23,54,94,47,50,61,41,69,37,51,54,63,38,88,77,42,65,64,47,,85
12/6/2021,,91,81,58,50,96,77,85,64,45,,60,59,39,49,39,67,52,39,64,90,35,71,104,63,84,34,47,37,64,65,66,63,76,34,,64,79,38,51,60,43,28,25,49,72,58,52,37,48,86,36,72,63,,85,41,21,51,100,41,52,77,49,63,38,60,48,62,42,94,81,38,72,57,42,,88
12/7/2021,,98,88,50,57,100,82,93,70,52,,58,65,42,55,48,68,,34,69,99,33,79,124,70,84,30,50,45,63,75,76,71,77,37,,62,81,41,53,61,49,33,31,52,84,68,51,35,55,106,33,68,74,33,88,39,18,56,106,53,60,71,53,67,40,60,52,66,53,112,82,28,80,69,50,,106
12/8/2021,21,92,82,46,64,99,75,86,67,54,,61,65,40,57,52,63,57,31,64,95,33,73,114,64,77,29,49,42,67,69,73,72,77,38,,66,75,37,40,59,48,34,40,53,83,62,58,36,50,100,32,74,69,33,88,41,19,53,97,49,58,67,53,67,42,67,52,59,54,113,84,30,82,62,51,,106
12/9/2021,21,71,80,21,51,94,71,83,51,54,,52,59,36,50,42,47,43,34,51,68,37,61,97,60,57,29,38,35,64,61,59,59,70,34,,60,61,31,27,54,40,,32,50,63,59,52,28,51,96,39,50,63,36,68,36,21,41,78,42,45,36,51,57,38,62,42,54,46,81,57,33,60,55,42,,77
12/10/2021,24,54,80,22,39,67,55,76,36,43,,44,49,34,39,34,40,38,37,50,72,33,53,126,52,52,34,40,29,57,64,63,58,59,30,,53,48,25,33,55,31,26,23,40,68,61,44,30,50,96,33,27,65,32,60,33,22,42,71,32,44,42,45,56,27,46,35,50,35,82,47,35,57,55,44,,85
12/11/2021,26,49,76,26,37,53,51,71,43,42,,46,55,40,38,35,44,42,39,54,80,33,62,128,55,63,34,40,33,53,62,62,62,56,25,,51,46,24,34,55,34,26,22,40,69,56,49,26,55,93,35,38,59,34,67,35,26,47,80,39,44,45,44,59,25,47,44,40,37,87,58,32,59,51,43,,94
12/12/2021,26,56,62,30,37,44,45,73,40,36,,43,58,36,39,36,41,41,37,59,74,39,52,108,52,58,29,39,38,48,45,48,45,63,27,,46,46,45,29,52,36,19,24,45,52,49,45,34,50,75,37,30,46,37,61,35,22,47,79,42,38,34,45,50,26,47,50,43,40,89,57,31,52,39,29,,89
12/13/2021,26,55,64,31,37,54,52,52,44,37,,45,48,33,39,36,40,44,36,57,59,35,45,102,53,64,27,37,28,48,52,48,54,63,27,,44,49,28,44,50,30,20,25,44,47,54,39,27,41,65,35,44,47,32,59,33,24,38,76,34,33,45,42,49,29,44,39,36,45,68,52,28,47,45,32,38,71
12/14/2021,26,63,94,34,40,73,67,95,51,44,,45,48,30,43,36,,52,33,59,81,36,71,121,50,74,26,43,42,73,85,68,73,69,30,,69,55,35,40,61,38,26,24,58,75,75,45,29,45,107,37,49,81,34,66,40,22,53,92,54,58,46,41,62,33,51,53,50,42,95,75,33,71,77,61,43,90
12/15/2021,27,62,107,35,45,80,76,90,69,44,,45,66,37,46,36,66,55,43,64,89,34,69,169,58,76,22,47,49,75,84,72,72,66,36,,77,67,30,41,61,42,29,25,69,76,81,49,28,47,123,38,67,81,46,78,45,23,56,93,53,55,53,47,80,35,58,53,51,46,106,80,41,72,83,62,53,99
12/16/2021,29,64,102,38,40,76,63,89,74,43,,43,68,32,46,34,53,65,52,83,97,27,82,188,52,82,24,47,60,72,78,74,68,71,38,,72,66,53,31,74,38,25,26,95,82,74,51,32,38,104,43,71,81,44,85,51,31,79,107,53,56,39,37,92,32,,56,55,41,116,68,50,75,73,53,54,105
12/17/2021,21,67,82,27,41,76,63,83,57,43,,35,79,29,42,31,48,61,59,65,87,21,69,131,52,65,25,42,60,63,62,59,60,69,38,,61,59,73,31,72,34,23,22,71,65,61,47,34,34,108,30,51,66,49,82,45,42,59,104,57,46,40,39,72,28,55,66,44,37,108,69,45,64,56,42,38,94
12/18/2021,19,60,72,36,45,60,59,55,49,40,,44,56,33,50,36,50,50,40,65,68,29,62,113,52,70,40,43,33,51,55,50,,70,40,,48,49,84,44,60,33,25,25,46,53,56,48,29,39,76,35,43,51,40,65,32,34,46,93,39,40,39,39,60,34,53,46,33,38,80,63,37,55,45,36,39,69
12/19/2021,22,58,66,42,51,62,59,53,43,48,,45,49,41,53,37,53,45,36,63,68,23,56,104,55,74,28,38,29,48,51,43,49,66,43,,45,50,58,37,57,38,36,27,40,49,43,55,29,47,65,36,45,47,35,57,34,25,40,97,36,35,51,51,50,42,59,41,28,43,66,57,30,49,42,34,50,70
12/20/2021,19,94,95,53,49,88,72,92,65,43,,40,66,38,53,42,59,56,36,86,89,29,83,170,56,86,28,55,43,75,74,68,69,81,44,,71,68,74,50,,37,31,31,65,77,67,51,25,48,90,33,61,71,42,84,43,23,51,117,46,55,82,50,76,42,63,52,50,49,97,74,35,76,72,48,49,91
12/21/2021,25,89,115,48,49,88,77,113,89,47,,19,89,41,47,46,60,85,44,87,98,33,101,203,58,100,33,80,70,99,93,87,86,93,42,,88,75,87,69,90,46,30,29,90,97,98,59,26,51,111,32,74,87,38,101,66,29,79,130,76,73,59,52,103,36,61,76,57,53,127,102,50,94,95,68,51,119
12/22/2021,29,86,140,31,48,87,79,119,79,49,,21,94,41,54,48,59,96,34,116,109,27,103,224,58,93,21,72,68,101,,94,90,88,43,,95,80,84,42,94,54,35,28,127,105,129,54,25,52,126,30,68,99,58,98,62,25,94,156,73,78,47,59,143,33,49,78,75,50,133,108,46,97,108,74,,134
12/23/2021,27,70,129,41,50,86,85,96,72,50,,25,95,47,59,46,56,108,44,77,123,30,95,208,64,78,23,65,58,89,,94,94,83,41,,86,79,87,37,71,53,33,30,118,105,99,59,29,58,122,35,58,97,49,106,64,28,80,149,72,71,56,57,97,37,73,81,55,52,119,91,47,92,90,77,49,143
12/24/2021,27,60,111,50,55,88,99,73,55,49,,47,57,47,67,49,63,66,31,58,111,28,77,229,66,86,23,39,32,73,81,76,87,84,45,,67,78,82,51,59,34,35,27,84,81,70,58,32,57,107,32,59,85,42,94,51,27,64,121,41,55,70,57,77,39,89,54,50,53,95,83,40,69,70,54,59,129
12/25/2021,23,26,61,25,56,,84,38,41,48,,42,51,48,67,52,64,42,29,42,44,29,43,152,66,65,31,33,23,42,47,38,48,66,44,,37,68,77,23,45,31,37,28,53,42,43,66,25,56,62,29,33,46,26,45,36,21,44,81,33,30,36,64,45,36,92,36,20,56,46,47,23,34,34,28,58,69
12/26/2021,27,24,58,14,44,59,43,42,37,45,,36,45,49,47,51,41,43,35,42,40,,39,91,56,53,28,36,24,42,42,38,41,49,41,,37,33,55,15,51,27,31,29,42,44,33,49,24,54,55,30,35,44,33,38,32,19,39,80,29,31,26,45,45,32,68,37,26,57,44,45,24,36,30,26,46,73
12/27/2021,27,44,72,12,32,46,52,62,29,43,,34,59,37,45,44,42,42,46,46,56,,49,90,47,46,34,30,34,51,59,55,56,58,23,,46,39,52,13,61,28,23,26,50,65,46,39,23,49,82,35,22,63,34,54,35,21,32,72,40,39,17,36,46,27,51,45,33,49,83,49,29,57,42,39,41,87
12/28/2021,29,43,53,13,31,44,45,42,26,39,,34,46,33,43,39,34,32,32,41,46,,42,82,47,50,36,24,26,38,41,39,41,59,33,,31,29,51,13,41,25,21,23,37,40,34,38,24,40,57,33,20,41,32,42,29,23,26,61,29,26,24,35,39,25,53,33,19,42,76,43,27,41,26,24,38,58
12/29/2021,27,37,57,13,36,42,59,48,29,49,,37,41,28,39,32,41,29,33,43,38,29,41,66,48,45,30,26,20,41,39,35,39,59,35,,32,38,55,14,41,25,21,25,42,38,36,42,24,36,54,25,26,40,29,38,27,20,28,66,26,27,31,31,47,24,58,33,23,39,65,43,21,38,30,24,38,46
12/30/2021,21,35,59,14,36,36,42,48,26,38,,29,36,26,38,33,40,31,30,40,32,25,38,47,44,46,33,27,22,40,42,40,36,55,30,,35,32,45,15,,25,22,23,40,43,30,41,24,33,54,33,18,42,24,38,28,28,28,63,23,27,26,35,41,27,55,28,25,35,57,36,20,39,32,24,35,55
12/31/2021,24,37,59,16,36,33,39,50,26,35,,31,46,34,37,32,28,34,38,40,34,30,38,49,43,41,43,26,26,45,44,40,37,52,29,,37,34,69,19,40,30,21,23,38,42,33,37,30,37,55,39,17,42,33,53,28,25,29,61,28,28,26,31,44,24,42,34,29,34,54,44,25,38,35,28,36,56
